"id","toa","threshold","infectiousness","susceptibility","school","cohort","sch_type"
"101.101_101003",NA,NA,NA,NA,NA,NA,NA
"101.101_101004",NA,NA,NA,NA,NA,NA,NA
"101.101_101006",NA,NA,NA,NA,NA,NA,NA
"101.101_101008",NA,NA,NA,NA,NA,NA,NA
"101.101_101009",NA,NA,NA,NA,NA,NA,NA
"101.101_101010",5,0,0,0,NA,NA,NA
"101.101_101013",NA,NA,NA,NA,NA,NA,NA
"101.101_101014",1,0,0,0,NA,NA,NA
"101.101_101015",2,0,0,0,NA,NA,NA
"101.101_101016",NA,NA,NA,NA,NA,NA,NA
"101.101_101017",NA,NA,NA,NA,NA,NA,NA
"101.101_101019",NA,NA,NA,NA,NA,NA,NA
"101.101_101022",NA,NA,NA,NA,NA,NA,NA
"101.101_101023",NA,NA,NA,NA,NA,NA,NA
"101.101_101026",NA,NA,NA,NA,NA,NA,NA
"101.101_101029",NA,NA,NA,NA,NA,NA,NA
"101.101_101030",1,0,0,0,NA,NA,NA
"101.101_101031",NA,NA,NA,NA,NA,NA,NA
"101.101_101032",NA,NA,NA,NA,NA,NA,NA
"101.101_101034",NA,NA,NA,NA,NA,NA,NA
"101.101_101035",NA,NA,NA,NA,NA,NA,NA
"101.101_101038",5,0,0,0,NA,NA,NA
"101.101_101039",NA,NA,NA,NA,NA,NA,NA
"101.101_101040",NA,NA,NA,NA,NA,NA,NA
"101.101_101042",7,0,0,0,NA,NA,NA
"101.101_101043",NA,NA,NA,NA,NA,NA,NA
"101.101_101047",NA,NA,NA,NA,NA,NA,NA
"101.101_101049",NA,NA,NA,NA,NA,NA,NA
"101.101_101050",NA,NA,NA,NA,NA,NA,NA
"101.101_101054",NA,NA,NA,NA,NA,NA,NA
"101.101_101056",6,0,0,0,NA,NA,NA
"101.101_101057",NA,NA,NA,NA,NA,NA,NA
"101.101_101062",NA,NA,NA,NA,NA,NA,NA
"101.101_101063",NA,NA,NA,NA,NA,NA,NA
"101.101_101065",NA,NA,NA,NA,NA,NA,NA
"101.101_101067",NA,NA,NA,NA,NA,NA,NA
"101.101_101070",5,0.25,0,0,NA,NA,NA
"101.101_101071",5,0,0,0,NA,NA,NA
"101.101_101072",3,0,0,0,NA,NA,NA
"101.101_101075",NA,NA,NA,NA,NA,NA,NA
"101.101_101076",NA,NA,NA,NA,NA,NA,NA
"101.101_101077",NA,NA,NA,NA,NA,NA,NA
"101.101_101078",8,0,0,0,NA,NA,NA
"101.101_101079",NA,NA,NA,NA,NA,NA,NA
"101.101_101081",NA,NA,NA,NA,NA,NA,NA
"101.101_101082",NA,NA,NA,NA,NA,NA,NA
"101.101_101084",NA,NA,NA,NA,NA,NA,NA
"101.101_101086",NA,NA,NA,NA,NA,NA,NA
"101.101_101087",NA,NA,NA,NA,NA,NA,NA
"101.101_101089",NA,NA,NA,NA,NA,NA,NA
"101.101_101090",NA,NA,NA,NA,NA,NA,NA
"101.101_101091",NA,NA,NA,NA,NA,NA,NA
"101.101_101092",NA,NA,NA,NA,NA,NA,NA
"101.101_101094",NA,NA,NA,NA,NA,NA,NA
"101.101_101096",NA,NA,NA,NA,NA,NA,NA
"101.101_101097",NA,NA,NA,NA,NA,NA,NA
"101.101_101098",NA,NA,NA,NA,NA,NA,NA
"101.101_101102",6,0,0,0,NA,NA,NA
"101.101_101103",NA,NA,NA,NA,NA,NA,NA
"101.101_101104",NA,NA,NA,NA,NA,NA,NA
"101.101_101105",7,1,0,0.00806451612903225,NA,NA,NA
"101.101_101107",1,0,0,0,NA,NA,NA
"101.101_101108",NA,NA,NA,NA,NA,NA,NA
"101.101_101111",NA,NA,NA,NA,NA,NA,NA
"101.101_101115",NA,NA,NA,NA,NA,NA,NA
"101.101_101117",NA,NA,NA,NA,NA,NA,NA
"101.101_101119",5,0,0,0,NA,NA,NA
"101.101_101121",7,0.4,0,0,NA,NA,NA
"101.101_101123",NA,NA,NA,NA,NA,NA,NA
"101.101_101125",NA,NA,NA,NA,NA,NA,NA
"101.101_101126",NA,NA,NA,NA,NA,NA,NA
"101.101_101127",NA,NA,NA,NA,NA,NA,NA
"101.101_101129",NA,NA,NA,NA,NA,NA,NA
"101.101_101133",NA,NA,NA,NA,NA,NA,NA
"101.101_101134",NA,NA,NA,NA,NA,NA,NA
"101.101_101136",NA,NA,NA,NA,NA,NA,NA
"101.101_101138",6,0.25,0,0,NA,NA,NA
"101.101_101139",NA,NA,NA,NA,NA,NA,NA
"101.101_101141",NA,NA,NA,NA,NA,NA,NA
"101.101_101144",7,1,0,0,NA,NA,NA
"101.101_101145",NA,NA,NA,NA,NA,NA,NA
"101.101_101149",NA,NA,NA,NA,NA,NA,NA
"101.101_101151",6,0,0,0,NA,NA,NA
"101.101_101153",NA,NA,NA,NA,NA,NA,NA
"101.101_101154",NA,NA,NA,NA,NA,NA,NA
"101.101_101155",7,0,0,0,NA,NA,NA
"101.101_101156",NA,NA,NA,NA,NA,NA,NA
"101.101_101157",NA,NA,NA,NA,NA,NA,NA
"101.101_101158",NA,NA,NA,NA,NA,NA,NA
"101.101_101159",NA,NA,NA,NA,NA,NA,NA
"101.101_101160",NA,NA,NA,NA,NA,NA,NA
"101.101_101163",NA,NA,NA,NA,NA,NA,NA
"101.101_101166",NA,NA,NA,NA,NA,NA,NA
"101.101_101167",6,0.333333333333333,0,0.00126742712294043,NA,NA,NA
"101.101_101168",NA,NA,NA,NA,NA,NA,NA
"101.101_101169",7,0,0,0,NA,NA,NA
"101.101_101170",5,0.25,0,0,NA,NA,NA
"101.101_101171",NA,NA,NA,NA,NA,NA,NA
"101.101_101172",6,0,0,0,NA,NA,NA
"101.101_101173",NA,NA,NA,NA,NA,NA,NA
"101.101_101174",NA,NA,NA,NA,NA,NA,NA
"101.101_101176",NA,NA,NA,NA,NA,NA,NA
"101.101_101177",NA,NA,NA,NA,NA,NA,NA
"101.101_101180",NA,NA,NA,NA,NA,NA,NA
"101.101_101182",NA,NA,NA,NA,NA,NA,NA
"101.101_101184",6,0,0,0,NA,NA,NA
"101.101_101185",NA,NA,NA,NA,NA,NA,NA
"101.101_101186",NA,NA,NA,NA,NA,NA,NA
"101.101_101192",NA,NA,NA,NA,NA,NA,NA
"101.101_101195",NA,NA,NA,NA,NA,NA,NA
"101.101_101197",NA,NA,NA,NA,NA,NA,NA
"101.101_101200",NA,NA,NA,NA,NA,NA,NA
"101.101_101201",NA,NA,NA,NA,NA,NA,NA
"101.101_101203",NA,NA,NA,NA,NA,NA,NA
"101.101_101204",NA,NA,NA,NA,NA,NA,NA
"101.101_101205",NA,NA,NA,NA,NA,NA,NA
"101.101_101206",NA,NA,NA,NA,NA,NA,NA
"101.101_101208",NA,NA,NA,NA,NA,NA,NA
"101.101_101209",NA,NA,NA,NA,NA,NA,NA
"101.101_101211",NA,NA,NA,NA,NA,NA,NA
"101.101_101212",NA,NA,NA,NA,NA,NA,NA
"101.101_101213",NA,NA,NA,NA,NA,NA,NA
"101.101_101214",NA,NA,NA,NA,NA,NA,NA
"101.101_101215",NA,NA,NA,NA,NA,NA,NA
"101.101_101222",2,0,0,0,NA,NA,NA
"101.101_101223",NA,NA,NA,NA,NA,NA,NA
"101.101_101226",NA,NA,NA,NA,NA,NA,NA
"101.101_101230",NA,NA,NA,NA,NA,NA,NA
"101.101_101233",NA,NA,NA,NA,NA,NA,NA
"101.101_101235",NA,NA,NA,NA,NA,NA,NA
"101.101_101238",NA,NA,NA,NA,NA,NA,NA
"101.101_101245",NA,NA,NA,NA,NA,NA,NA
"101.101_101247",NA,NA,NA,NA,NA,NA,NA
"101.101_101251",NA,NA,NA,NA,NA,NA,NA
"101.101_101252",NA,NA,NA,NA,NA,NA,NA
"101.101_101254",NA,NA,NA,NA,NA,NA,NA
"101.101_101256",1,0,0,0,NA,NA,NA
"101.101_101258",NA,NA,NA,NA,NA,NA,NA
"101.101_101260",NA,NA,NA,NA,NA,NA,NA
"101.101_101261",NA,NA,NA,NA,NA,NA,NA
"101.101_101264",NA,NA,NA,NA,NA,NA,NA
"101.101_101265",NA,NA,NA,NA,NA,NA,NA
"101.101_101266",NA,NA,NA,NA,NA,NA,NA
"101.101_101267",NA,NA,NA,NA,NA,NA,NA
"101.101_101272",NA,NA,NA,NA,NA,NA,NA
"101.101_101276",NA,NA,NA,NA,NA,NA,NA
"101.101_101277",NA,NA,NA,NA,NA,NA,NA
"101.101_101278",NA,NA,NA,NA,NA,NA,NA
"101.101_101282",NA,NA,NA,NA,NA,NA,NA
"101.101_101285",NA,NA,NA,NA,NA,NA,NA
"101.101_101287",NA,NA,NA,NA,NA,NA,NA
"101.101_101289",2,0,0,0,NA,NA,NA
"101.101_101292",NA,NA,NA,NA,NA,NA,NA
"101.101_101293",NA,NA,NA,NA,NA,NA,NA
"101.101_101296",NA,NA,NA,NA,NA,NA,NA
"101.101_101298",NA,NA,NA,NA,NA,NA,NA
"101.101_101299",NA,NA,NA,NA,NA,NA,NA
"101.101_101300",NA,NA,NA,NA,NA,NA,NA
"101.101_101302",NA,NA,NA,NA,NA,NA,NA
"101.101_101303",NA,NA,NA,NA,NA,NA,NA
"101.101_101305",NA,NA,NA,NA,NA,NA,NA
"101.101_101306",NA,NA,NA,NA,NA,NA,NA
"101.101_101310",NA,NA,NA,NA,NA,NA,NA
"101.101_101313",6,0,0,0,NA,NA,NA
"101.101_101315",NA,NA,NA,NA,NA,NA,NA
"101.101_101316",NA,NA,NA,NA,NA,NA,NA
"101.101_101317",NA,NA,NA,NA,NA,NA,NA
"101.101_101318",NA,NA,NA,NA,NA,NA,NA
"101.101_101322",6,0,0,0,NA,NA,NA
"101.101_101328",NA,NA,NA,NA,NA,NA,NA
"101.101_101334",NA,NA,NA,NA,NA,NA,NA
"101.101_101335",4,0,0,0,NA,NA,NA
"101.101_101336",2,0,0,0,NA,NA,NA
"101.101_101337",NA,NA,NA,NA,NA,NA,NA
"101.101_101340",NA,NA,NA,NA,NA,NA,NA
"101.101_101342",NA,NA,NA,NA,NA,NA,NA
"101.101_101344",NA,NA,NA,NA,NA,NA,NA
"101.101_101348",NA,NA,NA,NA,NA,NA,NA
"101.101_101350",6,0,0.0153846153846154,0,NA,NA,NA
"101.101_101355",NA,NA,NA,NA,NA,NA,NA
"101.101_101359",NA,NA,NA,NA,NA,NA,NA
"101.101_101361",NA,NA,NA,NA,NA,NA,NA
"101.101_101362",NA,NA,NA,NA,NA,NA,NA
"101.101_101365",4,0,0,0,NA,NA,NA
"101.101_101367",NA,NA,NA,NA,NA,NA,NA
"101.101_101372",NA,NA,NA,NA,NA,NA,NA
"101.101_101381",NA,NA,NA,NA,NA,NA,NA
"101.101_101394",8,0,0,0,NA,NA,NA
"101.101_101397",4,0.25,0,0,NA,NA,NA
"101.101_101400",NA,NA,NA,NA,NA,NA,NA
"101.101_101401",NA,NA,NA,NA,NA,NA,NA
"101.101_101403",5,0,0,0,NA,NA,NA
"101.101_101405",NA,NA,NA,NA,NA,NA,NA
"101.101_101406",NA,NA,NA,NA,NA,NA,NA
"101.101_101410",NA,NA,NA,NA,NA,NA,NA
"101.101_101411",NA,NA,NA,NA,NA,NA,NA
"101.101_101412",NA,NA,NA,NA,NA,NA,NA
"101.101_101414",NA,NA,NA,NA,NA,NA,NA
"101.101_101415",7,0,0,0,NA,NA,NA
"101.101_101424",NA,NA,NA,NA,NA,NA,NA
"101.101_101425",7,0.2,0,0,NA,NA,NA
"101.101_101426",NA,NA,NA,NA,NA,NA,NA
"101.101_101427",NA,NA,NA,NA,NA,NA,NA
"101.101_101432",NA,NA,NA,NA,NA,NA,NA
"101.101_101435",NA,NA,NA,NA,NA,NA,NA
"101.101_101436",NA,NA,NA,NA,NA,NA,NA
"101.101_101439",NA,NA,NA,NA,NA,NA,NA
"101.101_101442",NA,NA,NA,NA,NA,NA,NA
"101.101_101446",NA,NA,NA,NA,NA,NA,NA
"101.101_101449",NA,NA,NA,NA,NA,NA,NA
"101.101_101450",1,0,0,0,NA,NA,NA
"101.101_101454",NA,NA,NA,NA,NA,NA,NA
"101.101_101457",NA,NA,NA,NA,NA,NA,NA
"101.101_101460",NA,NA,NA,NA,NA,NA,NA
"101.101_101461",NA,NA,NA,NA,NA,NA,NA
"101.101_101462",NA,NA,NA,NA,NA,NA,NA
"101.101_101468",NA,NA,NA,NA,NA,NA,NA
"101.101_101470",5,0,0,0,NA,NA,NA
"101.101_101471",6,0,0,0,NA,NA,NA
"101.101_101473",3,0,0,0,NA,NA,NA
"101.101_101474",NA,NA,NA,NA,NA,NA,NA
"101.101_101475",NA,NA,NA,NA,NA,NA,NA
"101.101_101476",NA,NA,NA,NA,NA,NA,NA
"101.101_101477",NA,NA,NA,NA,NA,NA,NA
"101.101_101478",NA,NA,NA,NA,NA,NA,NA
"101.101_101480",NA,NA,NA,NA,NA,NA,NA
"101.101_101483",NA,NA,NA,NA,NA,NA,NA
"101.101_101493",1,0,0,0,NA,NA,NA
"101.101_101494",NA,NA,NA,NA,NA,NA,NA
"101.101_101496",NA,NA,NA,NA,NA,NA,NA
"101.101_101498",NA,NA,NA,NA,NA,NA,NA
"101.101_101499",NA,NA,NA,NA,NA,NA,NA
"101.101_101502",4,0,0,0,NA,NA,NA
"101.101_101503",NA,NA,NA,NA,NA,NA,NA
"101.101_101505",NA,NA,NA,NA,NA,NA,NA
"101.101_101507",NA,NA,NA,NA,NA,NA,NA
"101.101_101509",NA,NA,NA,NA,NA,NA,NA
"101.101_101510",NA,NA,NA,NA,NA,NA,NA
"101.101_101511",2,0,0,0,NA,NA,NA
"101.101_101514",NA,NA,NA,NA,NA,NA,NA
"101.101_101515",NA,NA,NA,NA,NA,NA,NA
"101.101_101516",NA,NA,NA,NA,NA,NA,NA
"101.101_101517",NA,NA,NA,NA,NA,NA,NA
"101.101_101518",NA,NA,NA,NA,NA,NA,NA
"101.101_101519",NA,NA,NA,NA,NA,NA,NA
"101.101_101520",NA,NA,NA,NA,NA,NA,NA
"101.101_101521",NA,NA,NA,NA,NA,NA,NA
"101.101_101522",5,0,0,0,NA,NA,NA
"101.101_101523",NA,NA,NA,NA,NA,NA,NA
"101.101_101525",5,0.333333333333333,0,0,NA,NA,NA
"101.101_101527",3,0,0,0,NA,NA,NA
"101.101_101529",NA,NA,NA,NA,NA,NA,NA
"101.101_101530",NA,NA,NA,NA,NA,NA,NA
"101.101_101531",NA,NA,NA,NA,NA,NA,NA
"101.101_101532",NA,NA,NA,NA,NA,NA,NA
"101.101_101533",NA,NA,NA,NA,NA,NA,NA
"101.101_101534",NA,NA,NA,NA,NA,NA,NA
"101.101_101538",NA,NA,NA,NA,NA,NA,NA
"101.101_101539",NA,NA,NA,NA,NA,NA,NA
"101.101_101540",NA,NA,NA,NA,NA,NA,NA
"101.101_101541",NA,NA,NA,NA,NA,NA,NA
"101.101_101543",NA,NA,NA,NA,NA,NA,NA
"101.101_101544",4,0,0,0,NA,NA,NA
"101.101_101547",NA,NA,NA,NA,NA,NA,NA
"101.101_101548",NA,NA,NA,NA,NA,NA,NA
"101.101_101551",5,0,0,0,NA,NA,NA
"101.101_101553",NA,NA,NA,NA,NA,NA,NA
"101.101_101557",NA,NA,NA,NA,NA,NA,NA
"101.101_101560",NA,NA,NA,NA,NA,NA,NA
"101.101_101562",3,0.5,0,0,NA,NA,NA
"101.101_101564",NA,NA,NA,NA,NA,NA,NA
"101.101_101569",5,0,0.00806451612903225,0,NA,NA,NA
"101.101_101572",NA,NA,NA,NA,NA,NA,NA
"101.101_101574",NA,NA,NA,NA,NA,NA,NA
"101.101_101575",NA,NA,NA,NA,NA,NA,NA
"101.101_101579",NA,NA,NA,NA,NA,NA,NA
"101.101_101583",NA,NA,NA,NA,NA,NA,NA
"101.101_101596",5,0,0,0,NA,NA,NA
"102.102_102003",NA,NA,NA,NA,NA,NA,NA
"102.102_102004",NA,NA,NA,NA,NA,NA,NA
"102.102_102006",NA,NA,NA,NA,NA,NA,NA
"102.102_102008",NA,NA,NA,NA,NA,NA,NA
"102.102_102009",5,0,0,0,NA,NA,NA
"102.102_102012",4,0,0,0,NA,NA,NA
"102.102_102013",NA,NA,NA,NA,NA,NA,NA
"102.102_102015",NA,NA,NA,NA,NA,NA,NA
"102.102_102018",NA,NA,NA,NA,NA,NA,NA
"102.102_102020",4,0,0,0,NA,NA,NA
"102.102_102021",NA,NA,NA,NA,NA,NA,NA
"102.102_102023",NA,NA,NA,NA,NA,NA,NA
"102.102_102026",2,0,0,0,NA,NA,NA
"102.102_102028",NA,NA,NA,NA,NA,NA,NA
"102.102_102031",NA,NA,NA,NA,NA,NA,NA
"102.102_102036",NA,NA,NA,NA,NA,NA,NA
"102.102_102037",NA,NA,NA,NA,NA,NA,NA
"102.102_102038",NA,NA,NA,NA,NA,NA,NA
"102.102_102041",NA,NA,NA,NA,NA,NA,NA
"102.102_102043",1,0,0,0,NA,NA,NA
"102.102_102044",NA,NA,NA,NA,NA,NA,NA
"102.102_102047",NA,NA,NA,NA,NA,NA,NA
"102.102_102049",NA,NA,NA,NA,NA,NA,NA
"102.102_102050",NA,NA,NA,NA,NA,NA,NA
"102.102_102051",NA,NA,NA,NA,NA,NA,NA
"102.102_102052",NA,NA,NA,NA,NA,NA,NA
"102.102_102053",NA,NA,NA,NA,NA,NA,NA
"102.102_102054",7,0,0,0,NA,NA,NA
"102.102_102055",NA,NA,NA,NA,NA,NA,NA
"102.102_102059",NA,NA,NA,NA,NA,NA,NA
"102.102_102065",NA,NA,NA,NA,NA,NA,NA
"102.102_102068",NA,NA,NA,NA,NA,NA,NA
"102.102_102072",NA,NA,NA,NA,NA,NA,NA
"102.102_102074",5,0,0,0,NA,NA,NA
"102.102_102078",NA,NA,NA,NA,NA,NA,NA
"102.102_102081",NA,NA,NA,NA,NA,NA,NA
"102.102_102084",NA,NA,NA,NA,NA,NA,NA
"102.102_102087",NA,NA,NA,NA,NA,NA,NA
"102.102_102089",NA,NA,NA,NA,NA,NA,NA
"102.102_102091",NA,NA,NA,NA,NA,NA,NA
"102.102_102092",NA,NA,NA,NA,NA,NA,NA
"102.102_102094",NA,NA,NA,NA,NA,NA,NA
"102.102_102100",NA,NA,NA,NA,NA,NA,NA
"102.102_102101",NA,NA,NA,NA,NA,NA,NA
"102.102_102102",4,0,0,0,NA,NA,NA
"102.102_102104",NA,NA,NA,NA,NA,NA,NA
"102.102_102108",NA,NA,NA,NA,NA,NA,NA
"102.102_102109",NA,NA,NA,NA,NA,NA,NA
"102.102_102110",NA,NA,NA,NA,NA,NA,NA
"102.102_102111",NA,NA,NA,NA,NA,NA,NA
"102.102_102114",NA,NA,NA,NA,NA,NA,NA
"102.102_102117",1,0,0,0,NA,NA,NA
"102.102_102118",NA,NA,NA,NA,NA,NA,NA
"102.102_102121",NA,NA,NA,NA,NA,NA,NA
"102.102_102122",NA,NA,NA,NA,NA,NA,NA
"102.102_102123",NA,NA,NA,NA,NA,NA,NA
"102.102_102127",NA,NA,NA,NA,NA,NA,NA
"102.102_102130",NA,NA,NA,NA,NA,NA,NA
"102.102_102133",NA,NA,NA,NA,NA,NA,NA
"102.102_102134",NA,NA,NA,NA,NA,NA,NA
"102.102_102135",NA,NA,NA,NA,NA,NA,NA
"102.102_102136",NA,NA,NA,NA,NA,NA,NA
"102.102_102137",NA,NA,NA,NA,NA,NA,NA
"102.102_102139",5,0.333333333333333,0,0,NA,NA,NA
"102.102_102142",6,0,0,0,NA,NA,NA
"102.102_102146",NA,NA,NA,NA,NA,NA,NA
"102.102_102147",NA,NA,NA,NA,NA,NA,NA
"102.102_102154",NA,NA,NA,NA,NA,NA,NA
"102.102_102155",NA,NA,NA,NA,NA,NA,NA
"102.102_102157",NA,NA,NA,NA,NA,NA,NA
"102.102_102158",NA,NA,NA,NA,NA,NA,NA
"102.102_102160",NA,NA,NA,NA,NA,NA,NA
"102.102_102164",5,0.333333333333333,0,0,NA,NA,NA
"102.102_102165",NA,NA,NA,NA,NA,NA,NA
"102.102_102166",NA,NA,NA,NA,NA,NA,NA
"102.102_102170",NA,NA,NA,NA,NA,NA,NA
"102.102_102171",NA,NA,NA,NA,NA,NA,NA
"102.102_102172",NA,NA,NA,NA,NA,NA,NA
"102.102_102173",NA,NA,NA,NA,NA,NA,NA
"102.102_102175",4,0,0,0,NA,NA,NA
"102.102_102176",NA,NA,NA,NA,NA,NA,NA
"102.102_102177",NA,NA,NA,NA,NA,NA,NA
"102.102_102182",NA,NA,NA,NA,NA,NA,NA
"102.102_102183",NA,NA,NA,NA,NA,NA,NA
"102.102_102185",NA,NA,NA,NA,NA,NA,NA
"102.102_102186",NA,NA,NA,NA,NA,NA,NA
"102.102_102195",NA,NA,NA,NA,NA,NA,NA
"102.102_102201",NA,NA,NA,NA,NA,NA,NA
"102.102_102202",NA,NA,NA,NA,NA,NA,NA
"102.102_102209",NA,NA,NA,NA,NA,NA,NA
"102.102_102211",NA,NA,NA,NA,NA,NA,NA
"102.102_102213",NA,NA,NA,NA,NA,NA,NA
"102.102_102216",NA,NA,NA,NA,NA,NA,NA
"102.102_102217",NA,NA,NA,NA,NA,NA,NA
"102.102_102220",NA,NA,NA,NA,NA,NA,NA
"102.102_102222",NA,NA,NA,NA,NA,NA,NA
"102.102_102226",6,0,0,0,NA,NA,NA
"102.102_102227",NA,NA,NA,NA,NA,NA,NA
"102.102_102228",NA,NA,NA,NA,NA,NA,NA
"102.102_102230",NA,NA,NA,NA,NA,NA,NA
"102.102_102235",2,0,0,0,NA,NA,NA
"102.102_102237",NA,NA,NA,NA,NA,NA,NA
"102.102_102238",NA,NA,NA,NA,NA,NA,NA
"102.102_102243",NA,NA,NA,NA,NA,NA,NA
"102.102_102245",6,0,0,0,NA,NA,NA
"102.102_102246",NA,NA,NA,NA,NA,NA,NA
"102.102_102250",NA,NA,NA,NA,NA,NA,NA
"102.102_102254",NA,NA,NA,NA,NA,NA,NA
"102.102_102257",NA,NA,NA,NA,NA,NA,NA
"102.102_102259",NA,NA,NA,NA,NA,NA,NA
"102.102_102265",NA,NA,NA,NA,NA,NA,NA
"102.102_102268",NA,NA,NA,NA,NA,NA,NA
"102.102_102269",NA,NA,NA,NA,NA,NA,NA
"102.102_102270",NA,NA,NA,NA,NA,NA,NA
"102.102_102271",7,0,0,0,NA,NA,NA
"102.102_102272",NA,NA,NA,NA,NA,NA,NA
"102.102_102273",NA,NA,NA,NA,NA,NA,NA
"102.102_102279",NA,NA,NA,NA,NA,NA,NA
"102.102_102281",1,0,0,0,NA,NA,NA
"102.102_102284",NA,NA,NA,NA,NA,NA,NA
"102.102_102285",NA,NA,NA,NA,NA,NA,NA
"102.102_102287",5,0.5,0,0,NA,NA,NA
"102.102_102290",1,0,0,0,NA,NA,NA
"102.102_102293",8,0,0,0,NA,NA,NA
"102.102_102294",NA,NA,NA,NA,NA,NA,NA
"102.102_102296",NA,NA,NA,NA,NA,NA,NA
"102.102_102300",NA,NA,NA,NA,NA,NA,NA
"102.102_102304",1,0,0,0,NA,NA,NA
"102.102_102305",NA,NA,NA,NA,NA,NA,NA
"102.102_102308",NA,NA,NA,NA,NA,NA,NA
"102.102_102309",NA,NA,NA,NA,NA,NA,NA
"102.102_102311",NA,NA,NA,NA,NA,NA,NA
"102.102_102312",NA,NA,NA,NA,NA,NA,NA
"102.102_102313",NA,NA,NA,NA,NA,NA,NA
"102.102_102314",4,0,0,0,NA,NA,NA
"102.102_102320",NA,NA,NA,NA,NA,NA,NA
"102.102_102321",NA,NA,NA,NA,NA,NA,NA
"102.102_102325",NA,NA,NA,NA,NA,NA,NA
"102.102_102327",NA,NA,NA,NA,NA,NA,NA
"102.102_102331",NA,NA,NA,NA,NA,NA,NA
"102.102_102332",NA,NA,NA,NA,NA,NA,NA
"102.102_102334",NA,NA,NA,NA,NA,NA,NA
"102.102_102335",NA,NA,NA,NA,NA,NA,NA
"102.102_102336",NA,NA,NA,NA,NA,NA,NA
"102.102_102337",NA,NA,NA,NA,NA,NA,NA
"102.102_102342",NA,NA,NA,NA,NA,NA,NA
"102.102_102344",NA,NA,NA,NA,NA,NA,NA
"102.102_102345",NA,NA,NA,NA,NA,NA,NA
"102.102_102346",6,0,0,0,NA,NA,NA
"102.102_102347",NA,NA,NA,NA,NA,NA,NA
"102.102_102348",NA,NA,NA,NA,NA,NA,NA
"102.102_102351",NA,NA,NA,NA,NA,NA,NA
"102.102_102352",NA,NA,NA,NA,NA,NA,NA
"102.102_102353",NA,NA,NA,NA,NA,NA,NA
"102.102_102354",2,0,0,0,NA,NA,NA
"102.102_102355",NA,NA,NA,NA,NA,NA,NA
"102.102_102363",NA,NA,NA,NA,NA,NA,NA
"102.102_102368",NA,NA,NA,NA,NA,NA,NA
"102.102_102369",NA,NA,NA,NA,NA,NA,NA
"102.102_102371",5,0,0,0,NA,NA,NA
"102.102_102372",NA,NA,NA,NA,NA,NA,NA
"102.102_102374",NA,NA,NA,NA,NA,NA,NA
"102.102_102376",5,0,0,0,NA,NA,NA
"102.102_102377",NA,NA,NA,NA,NA,NA,NA
"102.102_102378",NA,NA,NA,NA,NA,NA,NA
"102.102_102380",NA,NA,NA,NA,NA,NA,NA
"102.102_102381",NA,NA,NA,NA,NA,NA,NA
"102.102_102384",3,0,0,0,NA,NA,NA
"102.102_102387",NA,NA,NA,NA,NA,NA,NA
"102.102_102392",NA,NA,NA,NA,NA,NA,NA
"102.102_102394",NA,NA,NA,NA,NA,NA,NA
"102.102_102398",NA,NA,NA,NA,NA,NA,NA
"102.102_102400",NA,NA,NA,NA,NA,NA,NA
"102.102_102402",5,0,0,0,NA,NA,NA
"102.102_102404",NA,NA,NA,NA,NA,NA,NA
"102.102_102405",NA,NA,NA,NA,NA,NA,NA
"102.102_102407",NA,NA,NA,NA,NA,NA,NA
"102.102_102411",NA,NA,NA,NA,NA,NA,NA
"102.102_102413",NA,NA,NA,NA,NA,NA,NA
"102.102_102414",NA,NA,NA,NA,NA,NA,NA
"102.102_102415",NA,NA,NA,NA,NA,NA,NA
"102.102_102417",NA,NA,NA,NA,NA,NA,NA
"102.102_102419",NA,NA,NA,NA,NA,NA,NA
"102.102_102422",NA,NA,NA,NA,NA,NA,NA
"102.102_102424",NA,NA,NA,NA,NA,NA,NA
"102.102_102426",NA,NA,NA,NA,NA,NA,NA
"102.102_102427",5,0,0,0,NA,NA,NA
"102.102_102429",NA,NA,NA,NA,NA,NA,NA
"102.102_102432",NA,NA,NA,NA,NA,NA,NA
"102.102_102433",3,0,0,0,NA,NA,NA
"102.102_102435",NA,NA,NA,NA,NA,NA,NA
"102.102_102441",NA,NA,NA,NA,NA,NA,NA
"102.102_102442",NA,NA,NA,NA,NA,NA,NA
"102.102_102445",NA,NA,NA,NA,NA,NA,NA
"102.102_102449",NA,NA,NA,NA,NA,NA,NA
"102.102_102451",NA,NA,NA,NA,NA,NA,NA
"102.102_102454",NA,NA,NA,NA,NA,NA,NA
"102.102_102457",NA,NA,NA,NA,NA,NA,NA
"102.102_102458",8,0,0,0,NA,NA,NA
"102.102_102459",NA,NA,NA,NA,NA,NA,NA
"102.102_102460",NA,NA,NA,NA,NA,NA,NA
"102.102_102464",NA,NA,NA,NA,NA,NA,NA
"102.102_102465",NA,NA,NA,NA,NA,NA,NA
"102.102_102466",NA,NA,NA,NA,NA,NA,NA
"102.102_102467",NA,NA,NA,NA,NA,NA,NA
"102.102_102468",NA,NA,NA,NA,NA,NA,NA
"102.102_102470",NA,NA,NA,NA,NA,NA,NA
"102.102_102471",NA,NA,NA,NA,NA,NA,NA
"102.102_102473",NA,NA,NA,NA,NA,NA,NA
"102.102_102474",NA,NA,NA,NA,NA,NA,NA
"102.102_102478",NA,NA,NA,NA,NA,NA,NA
"102.102_102481",3,0,0,0,NA,NA,NA
"102.102_102482",NA,NA,NA,NA,NA,NA,NA
"102.102_102489",NA,NA,NA,NA,NA,NA,NA
"102.102_102491",NA,NA,NA,NA,NA,NA,NA
"102.102_102496",4,0,0,0,NA,NA,NA
"102.102_102499",NA,NA,NA,NA,NA,NA,NA
"102.102_102503",1,0,0,0,NA,NA,NA
"102.102_102505",NA,NA,NA,NA,NA,NA,NA
"102.102_102513",NA,NA,NA,NA,NA,NA,NA
"102.102_102515",NA,NA,NA,NA,NA,NA,NA
"102.102_102518",NA,NA,NA,NA,NA,NA,NA
"102.102_102521",7,0,0,0,NA,NA,NA
"102.102_102522",5,0,0,0,NA,NA,NA
"102.102_102523",NA,NA,NA,NA,NA,NA,NA
"102.102_102524",NA,NA,NA,NA,NA,NA,NA
"102.102_102525",NA,NA,NA,NA,NA,NA,NA
"102.102_102530",NA,NA,NA,NA,NA,NA,NA
"102.102_102531",3,0,0,0,NA,NA,NA
"102.102_102533",NA,NA,NA,NA,NA,NA,NA
"102.102_102534",NA,NA,NA,NA,NA,NA,NA
"102.102_102537",NA,NA,NA,NA,NA,NA,NA
"102.102_102542",NA,NA,NA,NA,NA,NA,NA
"102.102_102543",NA,NA,NA,NA,NA,NA,NA
"102.102_102545",NA,NA,NA,NA,NA,NA,NA
"102.102_102546",5,0,0,0,NA,NA,NA
"102.102_102547",NA,NA,NA,NA,NA,NA,NA
"102.102_102548",NA,NA,NA,NA,NA,NA,NA
"102.102_102555",NA,NA,NA,NA,NA,NA,NA
"102.102_102563",NA,NA,NA,NA,NA,NA,NA
"102.102_102564",4,0,0,0,NA,NA,NA
"102.102_102569",NA,NA,NA,NA,NA,NA,NA
"102.102_102570",NA,NA,NA,NA,NA,NA,NA
"102.102_102571",NA,NA,NA,NA,NA,NA,NA
"102.102_102575",NA,NA,NA,NA,NA,NA,NA
"102.102_102580",NA,NA,NA,NA,NA,NA,NA
"102.102_102583",NA,NA,NA,NA,NA,NA,NA
"102.102_102589",NA,NA,NA,NA,NA,NA,NA
"102.102_102590",NA,NA,NA,NA,NA,NA,NA
"102.102_102607",NA,NA,NA,NA,NA,NA,NA
"102.102_102617",NA,NA,NA,NA,NA,NA,NA
"102.102_102621",5,0,0,0,NA,NA,NA
"103.103_103002",NA,NA,NA,NA,NA,NA,NA
"103.103_103011",NA,NA,NA,NA,NA,NA,NA
"103.103_103012",NA,NA,NA,NA,NA,NA,NA
"103.103_103015",NA,NA,NA,NA,NA,NA,NA
"103.103_103018",NA,NA,NA,NA,NA,NA,NA
"103.103_103020",NA,NA,NA,NA,NA,NA,NA
"103.103_103023",NA,NA,NA,NA,NA,NA,NA
"103.103_103033",NA,NA,NA,NA,NA,NA,NA
"103.103_103041",NA,NA,NA,NA,NA,NA,NA
"103.103_103042",NA,NA,NA,NA,NA,NA,NA
"103.103_103043",NA,NA,NA,NA,NA,NA,NA
"103.103_103047",NA,NA,NA,NA,NA,NA,NA
"103.103_103054",NA,NA,NA,NA,NA,NA,NA
"103.103_103058",NA,NA,NA,NA,NA,NA,NA
"103.103_103063",NA,NA,NA,NA,NA,NA,NA
"103.103_103070",NA,NA,NA,NA,NA,NA,NA
"103.103_103071",5,0,0,0,NA,NA,NA
"103.103_103076",NA,NA,NA,NA,NA,NA,NA
"103.103_103077",NA,NA,NA,NA,NA,NA,NA
"103.103_103087",NA,NA,NA,NA,NA,NA,NA
"103.103_103088",NA,NA,NA,NA,NA,NA,NA
"103.103_103094",NA,NA,NA,NA,NA,NA,NA
"103.103_103103",8,0,0,0,NA,NA,NA
"103.103_103104",NA,NA,NA,NA,NA,NA,NA
"103.103_103105",NA,NA,NA,NA,NA,NA,NA
"103.103_103107",NA,NA,NA,NA,NA,NA,NA
"103.103_103113",NA,NA,NA,NA,NA,NA,NA
"103.103_103127",6,0,0,0,NA,NA,NA
"103.103_103131",NA,NA,NA,NA,NA,NA,NA
"103.103_103132",NA,NA,NA,NA,NA,NA,NA
"103.103_103135",NA,NA,NA,NA,NA,NA,NA
"103.103_103136",NA,NA,NA,NA,NA,NA,NA
"103.103_103147",8,0,0,0,NA,NA,NA
"103.103_103150",2,0,0,0,NA,NA,NA
"103.103_103151",NA,NA,NA,NA,NA,NA,NA
"103.103_103153",5,0,0,0,NA,NA,NA
"103.103_103154",1,0,0,0,NA,NA,NA
"103.103_103157",NA,NA,NA,NA,NA,NA,NA
"103.103_103164",NA,NA,NA,NA,NA,NA,NA
"103.103_103167",NA,NA,NA,NA,NA,NA,NA
"103.103_103169",NA,NA,NA,NA,NA,NA,NA
"103.103_103176",NA,NA,NA,NA,NA,NA,NA
"103.103_103180",NA,NA,NA,NA,NA,NA,NA
"103.103_103183",NA,NA,NA,NA,NA,NA,NA
"103.103_103185",NA,NA,NA,NA,NA,NA,NA
"103.103_103186",NA,NA,NA,NA,NA,NA,NA
"103.103_103187",NA,NA,NA,NA,NA,NA,NA
"103.103_103188",NA,NA,NA,NA,NA,NA,NA
"103.103_103190",NA,NA,NA,NA,NA,NA,NA
"103.103_103198",NA,NA,NA,NA,NA,NA,NA
"103.103_103200",NA,NA,NA,NA,NA,NA,NA
"103.103_103202",NA,NA,NA,NA,NA,NA,NA
"103.103_103206",NA,NA,NA,NA,NA,NA,NA
"103.103_103208",NA,NA,NA,NA,NA,NA,NA
"103.103_103210",NA,NA,NA,NA,NA,NA,NA
"103.103_103213",NA,NA,NA,NA,NA,NA,NA
"103.103_103215",NA,NA,NA,NA,NA,NA,NA
"103.103_103217",NA,NA,NA,NA,NA,NA,NA
"103.103_103218",NA,NA,NA,NA,NA,NA,NA
"103.103_103220",7,0,0,0,NA,NA,NA
"103.103_103221",NA,NA,NA,NA,NA,NA,NA
"103.103_103222",NA,NA,NA,NA,NA,NA,NA
"103.103_103223",NA,NA,NA,NA,NA,NA,NA
"103.103_103224",NA,NA,NA,NA,NA,NA,NA
"103.103_103226",NA,NA,NA,NA,NA,NA,NA
"103.103_103231",NA,NA,NA,NA,NA,NA,NA
"103.103_103233",8,0,0,0,NA,NA,NA
"103.103_103235",NA,NA,NA,NA,NA,NA,NA
"103.103_103236",NA,NA,NA,NA,NA,NA,NA
"103.103_103241",NA,NA,NA,NA,NA,NA,NA
"103.103_103246",NA,NA,NA,NA,NA,NA,NA
"103.103_103248",NA,NA,NA,NA,NA,NA,NA
"103.103_103250",NA,NA,NA,NA,NA,NA,NA
"103.103_103252",NA,NA,NA,NA,NA,NA,NA
"103.103_103254",NA,NA,NA,NA,NA,NA,NA
"103.103_103255",NA,NA,NA,NA,NA,NA,NA
"103.103_103256",NA,NA,NA,NA,NA,NA,NA
"103.103_103261",6,0,0,0,NA,NA,NA
"103.103_103262",NA,NA,NA,NA,NA,NA,NA
"103.103_103263",NA,NA,NA,NA,NA,NA,NA
"103.103_103269",NA,NA,NA,NA,NA,NA,NA
"103.103_103270",NA,NA,NA,NA,NA,NA,NA
"103.103_103272",NA,NA,NA,NA,NA,NA,NA
"103.103_103273",5,0,0,0,NA,NA,NA
"103.103_103277",NA,NA,NA,NA,NA,NA,NA
"103.103_103278",NA,NA,NA,NA,NA,NA,NA
"103.103_103279",NA,NA,NA,NA,NA,NA,NA
"103.103_103284",NA,NA,NA,NA,NA,NA,NA
"103.103_103286",2,0,0,0,NA,NA,NA
"103.103_103289",NA,NA,NA,NA,NA,NA,NA
"103.103_103292",NA,NA,NA,NA,NA,NA,NA
"103.103_103293",NA,NA,NA,NA,NA,NA,NA
"103.103_103294",NA,NA,NA,NA,NA,NA,NA
"103.103_103297",NA,NA,NA,NA,NA,NA,NA
"103.103_103298",NA,NA,NA,NA,NA,NA,NA
"103.103_103299",NA,NA,NA,NA,NA,NA,NA
"103.103_103301",5,0.2,0,0,NA,NA,NA
"103.103_103306",NA,NA,NA,NA,NA,NA,NA
"103.103_103307",NA,NA,NA,NA,NA,NA,NA
"103.103_103309",NA,NA,NA,NA,NA,NA,NA
"103.103_103312",NA,NA,NA,NA,NA,NA,NA
"103.103_103313",NA,NA,NA,NA,NA,NA,NA
"103.103_103315",NA,NA,NA,NA,NA,NA,NA
"103.103_103319",NA,NA,NA,NA,NA,NA,NA
"103.103_103323",NA,NA,NA,NA,NA,NA,NA
"103.103_103326",NA,NA,NA,NA,NA,NA,NA
"103.103_103327",NA,NA,NA,NA,NA,NA,NA
"103.103_103328",NA,NA,NA,NA,NA,NA,NA
"103.103_103334",NA,NA,NA,NA,NA,NA,NA
"103.103_103338",NA,NA,NA,NA,NA,NA,NA
"103.103_103343",5,0,0,0,NA,NA,NA
"103.103_103346",NA,NA,NA,NA,NA,NA,NA
"103.103_103348",NA,NA,NA,NA,NA,NA,NA
"103.103_103352",NA,NA,NA,NA,NA,NA,NA
"103.103_103353",NA,NA,NA,NA,NA,NA,NA
"103.103_103354",5,0,0,0,NA,NA,NA
"103.103_103359",NA,NA,NA,NA,NA,NA,NA
"103.103_103362",NA,NA,NA,NA,NA,NA,NA
"103.103_103363",NA,NA,NA,NA,NA,NA,NA
"103.103_103368",NA,NA,NA,NA,NA,NA,NA
"103.103_103369",NA,NA,NA,NA,NA,NA,NA
"103.103_103371",NA,NA,NA,NA,NA,NA,NA
"103.103_103372",1,0,0,0,NA,NA,NA
"103.103_103375",NA,NA,NA,NA,NA,NA,NA
"103.103_103376",NA,NA,NA,NA,NA,NA,NA
"103.103_103377",NA,NA,NA,NA,NA,NA,NA
"103.103_103379",NA,NA,NA,NA,NA,NA,NA
"103.103_103381",NA,NA,NA,NA,NA,NA,NA
"103.103_103384",NA,NA,NA,NA,NA,NA,NA
"103.103_103386",NA,NA,NA,NA,NA,NA,NA
"103.103_103387",NA,NA,NA,NA,NA,NA,NA
"103.103_103390",NA,NA,NA,NA,NA,NA,NA
"103.103_103392",NA,NA,NA,NA,NA,NA,NA
"103.103_103395",NA,NA,NA,NA,NA,NA,NA
"103.103_103398",NA,NA,NA,NA,NA,NA,NA
"103.103_103401",NA,NA,NA,NA,NA,NA,NA
"103.103_103402",NA,NA,NA,NA,NA,NA,NA
"103.103_103403",5,0,0,0,NA,NA,NA
"103.103_103405",NA,NA,NA,NA,NA,NA,NA
"103.103_103408",NA,NA,NA,NA,NA,NA,NA
"103.103_103410",NA,NA,NA,NA,NA,NA,NA
"103.103_103411",NA,NA,NA,NA,NA,NA,NA
"103.103_103413",NA,NA,NA,NA,NA,NA,NA
"103.103_103415",NA,NA,NA,NA,NA,NA,NA
"103.103_103418",1,0,0,0,NA,NA,NA
"103.103_103423",NA,NA,NA,NA,NA,NA,NA
"103.103_103424",NA,NA,NA,NA,NA,NA,NA
"103.103_103426",NA,NA,NA,NA,NA,NA,NA
"103.103_103428",NA,NA,NA,NA,NA,NA,NA
"103.103_103433",NA,NA,NA,NA,NA,NA,NA
"103.103_103435",8,0.5,0,0,NA,NA,NA
"103.103_103436",NA,NA,NA,NA,NA,NA,NA
"103.103_103439",4,0,0,0,NA,NA,NA
"103.103_103442",5,0,0,0,NA,NA,NA
"103.103_103445",NA,NA,NA,NA,NA,NA,NA
"103.103_103446",NA,NA,NA,NA,NA,NA,NA
"103.103_103448",NA,NA,NA,NA,NA,NA,NA
"103.103_103450",NA,NA,NA,NA,NA,NA,NA
"103.103_103451",4,0,0,0,NA,NA,NA
"103.103_103454",NA,NA,NA,NA,NA,NA,NA
"103.103_103457",5,0,0,0,NA,NA,NA
"103.103_103458",NA,NA,NA,NA,NA,NA,NA
"103.103_103459",NA,NA,NA,NA,NA,NA,NA
"103.103_103463",NA,NA,NA,NA,NA,NA,NA
"103.103_103465",NA,NA,NA,NA,NA,NA,NA
"103.103_103467",NA,NA,NA,NA,NA,NA,NA
"103.103_103468",NA,NA,NA,NA,NA,NA,NA
"103.103_103470",NA,NA,NA,NA,NA,NA,NA
"103.103_103471",NA,NA,NA,NA,NA,NA,NA
"103.103_103476",NA,NA,NA,NA,NA,NA,NA
"103.103_103479",NA,NA,NA,NA,NA,NA,NA
"103.103_103480",NA,NA,NA,NA,NA,NA,NA
"103.103_103483",NA,NA,NA,NA,NA,NA,NA
"103.103_103484",NA,NA,NA,NA,NA,NA,NA
"103.103_103485",NA,NA,NA,NA,NA,NA,NA
"103.103_103486",NA,NA,NA,NA,NA,NA,NA
"103.103_103494",NA,NA,NA,NA,NA,NA,NA
"103.103_103498",NA,NA,NA,NA,NA,NA,NA
"103.103_103500",NA,NA,NA,NA,NA,NA,NA
"103.103_103501",NA,NA,NA,NA,NA,NA,NA
"103.103_103503",NA,NA,NA,NA,NA,NA,NA
"103.103_103505",NA,NA,NA,NA,NA,NA,NA
"103.103_103506",1,0,0,0,NA,NA,NA
"103.103_103508",NA,NA,NA,NA,NA,NA,NA
"103.103_103510",NA,NA,NA,NA,NA,NA,NA
"103.103_103512",5,0,0,0,NA,NA,NA
"103.103_103515",NA,NA,NA,NA,NA,NA,NA
"103.103_103516",3,0,0,0,NA,NA,NA
"103.103_103520",NA,NA,NA,NA,NA,NA,NA
"103.103_103523",NA,NA,NA,NA,NA,NA,NA
"103.103_103524",NA,NA,NA,NA,NA,NA,NA
"103.103_103525",NA,NA,NA,NA,NA,NA,NA
"103.103_103526",NA,NA,NA,NA,NA,NA,NA
"103.103_103534",NA,NA,NA,NA,NA,NA,NA
"103.103_103536",NA,NA,NA,NA,NA,NA,NA
"103.103_103538",NA,NA,NA,NA,NA,NA,NA
"103.103_103541",NA,NA,NA,NA,NA,NA,NA
"103.103_103562",NA,NA,NA,NA,NA,NA,NA
"104.104_104003",NA,NA,NA,NA,NA,NA,NA
"104.104_104004",NA,NA,NA,NA,NA,NA,NA
"104.104_104005",NA,NA,NA,NA,NA,NA,NA
"104.104_104006",5,0,0,0,NA,NA,NA
"104.104_104007",NA,NA,NA,NA,NA,NA,NA
"104.104_104008",6,0,0,0,NA,NA,NA
"104.104_104009",NA,NA,NA,NA,NA,NA,NA
"104.104_104011",NA,NA,NA,NA,NA,NA,NA
"104.104_104012",NA,NA,NA,NA,NA,NA,NA
"104.104_104013",NA,NA,NA,NA,NA,NA,NA
"104.104_104016",NA,NA,NA,NA,NA,NA,NA
"104.104_104018",5,0,0,0,NA,NA,NA
"104.104_104019",NA,NA,NA,NA,NA,NA,NA
"104.104_104021",2,0,0,0,NA,NA,NA
"104.104_104022",NA,NA,NA,NA,NA,NA,NA
"104.104_104024",5,0,0,0,NA,NA,NA
"104.104_104025",NA,NA,NA,NA,NA,NA,NA
"104.104_104027",5,0.666666666666667,0,0.003003003003003,NA,NA,NA
"104.104_104028",NA,NA,NA,NA,NA,NA,NA
"104.104_104029",NA,NA,NA,NA,NA,NA,NA
"104.104_104030",NA,NA,NA,NA,NA,NA,NA
"104.104_104031",NA,NA,NA,NA,NA,NA,NA
"104.104_104033",NA,NA,NA,NA,NA,NA,NA
"104.104_104034",NA,NA,NA,NA,NA,NA,NA
"104.104_104036",NA,NA,NA,NA,NA,NA,NA
"104.104_104037",2,0,0,0,NA,NA,NA
"104.104_104039",NA,NA,NA,NA,NA,NA,NA
"104.104_104041",NA,NA,NA,NA,NA,NA,NA
"104.104_104044",5,0.4,0,0,NA,NA,NA
"104.104_104047",NA,NA,NA,NA,NA,NA,NA
"104.104_104048",NA,NA,NA,NA,NA,NA,NA
"104.104_104049",NA,NA,NA,NA,NA,NA,NA
"104.104_104053",NA,NA,NA,NA,NA,NA,NA
"104.104_104054",5,0.5,0,0,NA,NA,NA
"104.104_104055",NA,NA,NA,NA,NA,NA,NA
"104.104_104058",NA,NA,NA,NA,NA,NA,NA
"104.104_104059",NA,NA,NA,NA,NA,NA,NA
"104.104_104060",NA,NA,NA,NA,NA,NA,NA
"104.104_104063",NA,NA,NA,NA,NA,NA,NA
"104.104_104065",NA,NA,NA,NA,NA,NA,NA
"104.104_104066",6,1,0,0.00190114068441065,NA,NA,NA
"104.104_104068",6,1,0,0.00380228136882129,NA,NA,NA
"104.104_104071",NA,NA,NA,NA,NA,NA,NA
"104.104_104073",NA,NA,NA,NA,NA,NA,NA
"104.104_104077",NA,NA,NA,NA,NA,NA,NA
"104.104_104081",6,0,0,0,NA,NA,NA
"104.104_104082",1,0,0,0,NA,NA,NA
"104.104_104083",NA,NA,NA,NA,NA,NA,NA
"104.104_104088",NA,NA,NA,NA,NA,NA,NA
"104.104_104089",NA,NA,NA,NA,NA,NA,NA
"104.104_104091",7,0.25,0,0.00201612903225806,NA,NA,NA
"104.104_104092",4,0,0,0,NA,NA,NA
"104.104_104093",5,0.5,0.00806451612903225,0,NA,NA,NA
"104.104_104094",NA,NA,NA,NA,NA,NA,NA
"104.104_104095",NA,NA,NA,NA,NA,NA,NA
"104.104_104100",5,0,0,0,NA,NA,NA
"104.104_104103",1,0,0,0,NA,NA,NA
"104.104_104104",NA,NA,NA,NA,NA,NA,NA
"104.104_104107",NA,NA,NA,NA,NA,NA,NA
"104.104_104111",NA,NA,NA,NA,NA,NA,NA
"104.104_104113",NA,NA,NA,NA,NA,NA,NA
"104.104_104114",NA,NA,NA,NA,NA,NA,NA
"104.104_104117",NA,NA,NA,NA,NA,NA,NA
"104.104_104120",NA,NA,NA,NA,NA,NA,NA
"104.104_104123",3,0.5,0,0,NA,NA,NA
"104.104_104125",NA,NA,NA,NA,NA,NA,NA
"104.104_104126",5,0.333333333333333,0,0,NA,NA,NA
"104.104_104127",NA,NA,NA,NA,NA,NA,NA
"104.104_104131",NA,NA,NA,NA,NA,NA,NA
"104.104_104132",5,0,0.00806451612903225,0,NA,NA,NA
"104.104_104133",8,1,0,0,NA,NA,NA
"104.104_104134",5,0,0,0,NA,NA,NA
"104.104_104135",5,0,0.00806451612903225,0,NA,NA,NA
"104.104_104136",6,0.5,0,0.000950570342205323,NA,NA,NA
"104.104_104137",NA,NA,NA,NA,NA,NA,NA
"104.104_104138",NA,NA,NA,NA,NA,NA,NA
"104.104_104139",5,1,0,0,NA,NA,NA
"104.104_104140",8,0,0,0,NA,NA,NA
"104.104_104141",NA,NA,NA,NA,NA,NA,NA
"104.104_104143",NA,NA,NA,NA,NA,NA,NA
"104.104_104144",NA,NA,NA,NA,NA,NA,NA
"104.104_104147",5,0,0,0,NA,NA,NA
"104.104_104148",NA,NA,NA,NA,NA,NA,NA
"104.104_104149",NA,NA,NA,NA,NA,NA,NA
"104.104_104150",NA,NA,NA,NA,NA,NA,NA
"104.104_104152",NA,NA,NA,NA,NA,NA,NA
"104.104_104154",NA,NA,NA,NA,NA,NA,NA
"104.104_104155",NA,NA,NA,NA,NA,NA,NA
"104.104_104157",NA,NA,NA,NA,NA,NA,NA
"104.104_104158",7,0.2,0,0,NA,NA,NA
"104.104_104159",8,1,0,0,NA,NA,NA
"104.104_104161",NA,NA,NA,NA,NA,NA,NA
"104.104_104162",5,0,0,0,NA,NA,NA
"104.104_104163",NA,NA,NA,NA,NA,NA,NA
"104.104_104164",NA,NA,NA,NA,NA,NA,NA
"104.104_104168",5,0.5,0,0,NA,NA,NA
"104.104_104170",NA,NA,NA,NA,NA,NA,NA
"104.104_104172",NA,NA,NA,NA,NA,NA,NA
"104.104_104173",NA,NA,NA,NA,NA,NA,NA
"104.104_104174",NA,NA,NA,NA,NA,NA,NA
"104.104_104176",NA,NA,NA,NA,NA,NA,NA
"104.104_104177",NA,NA,NA,NA,NA,NA,NA
"104.104_104178",NA,NA,NA,NA,NA,NA,NA
"104.104_104180",NA,NA,NA,NA,NA,NA,NA
"104.104_104181",NA,NA,NA,NA,NA,NA,NA
"104.104_104182",NA,NA,NA,NA,NA,NA,NA
"104.104_104183",NA,NA,NA,NA,NA,NA,NA
"104.104_104184",NA,NA,NA,NA,NA,NA,NA
"104.104_104186",NA,NA,NA,NA,NA,NA,NA
"104.104_104187",NA,NA,NA,NA,NA,NA,NA
"104.104_104190",NA,NA,NA,NA,NA,NA,NA
"104.104_104191",NA,NA,NA,NA,NA,NA,NA
"104.104_104192",NA,NA,NA,NA,NA,NA,NA
"104.104_104195",NA,NA,NA,NA,NA,NA,NA
"104.104_104196",NA,NA,NA,NA,NA,NA,NA
"104.104_104198",NA,NA,NA,NA,NA,NA,NA
"104.104_104201",NA,NA,NA,NA,NA,NA,NA
"104.104_104202",NA,NA,NA,NA,NA,NA,NA
"104.104_104204",NA,NA,NA,NA,NA,NA,NA
"104.104_104205",5,0,0.00806451612903225,0,NA,NA,NA
"104.104_104206",NA,NA,NA,NA,NA,NA,NA
"104.104_104208",NA,NA,NA,NA,NA,NA,NA
"104.104_104209",NA,NA,NA,NA,NA,NA,NA
"104.104_104210",NA,NA,NA,NA,NA,NA,NA
"104.104_104213",6,0.25,0,0,NA,NA,NA
"104.104_104214",6,0,0,0,NA,NA,NA
"104.104_104215",NA,NA,NA,NA,NA,NA,NA
"104.104_104217",4,0,0.00253485424588086,0,NA,NA,NA
"104.104_104219",NA,NA,NA,NA,NA,NA,NA
"104.104_104220",NA,NA,NA,NA,NA,NA,NA
"104.104_104221",NA,NA,NA,NA,NA,NA,NA
"104.104_104222",NA,NA,NA,NA,NA,NA,NA
"104.104_104223",NA,NA,NA,NA,NA,NA,NA
"104.104_104224",NA,NA,NA,NA,NA,NA,NA
"104.104_104227",1,0,0,0,NA,NA,NA
"104.104_104229",NA,NA,NA,NA,NA,NA,NA
"104.104_104231",NA,NA,NA,NA,NA,NA,NA
"104.104_104232",NA,NA,NA,NA,NA,NA,NA
"104.104_104237",5,0.333333333333333,0,0,NA,NA,NA
"104.104_104239",NA,NA,NA,NA,NA,NA,NA
"104.104_104240",NA,NA,NA,NA,NA,NA,NA
"104.104_104242",4,0,0,0,NA,NA,NA
"104.104_104243",3,0,0,0,NA,NA,NA
"104.104_104245",NA,NA,NA,NA,NA,NA,NA
"104.104_104248",NA,NA,NA,NA,NA,NA,NA
"104.104_104249",NA,NA,NA,NA,NA,NA,NA
"104.104_104252",NA,NA,NA,NA,NA,NA,NA
"104.104_104254",1,0,0,0,NA,NA,NA
"104.104_104255",NA,NA,NA,NA,NA,NA,NA
"104.104_104256",NA,NA,NA,NA,NA,NA,NA
"104.104_104259",NA,NA,NA,NA,NA,NA,NA
"104.104_104260",NA,NA,NA,NA,NA,NA,NA
"104.104_104262",NA,NA,NA,NA,NA,NA,NA
"104.104_104265",4,0,0.00380228136882129,0,NA,NA,NA
"104.104_104266",NA,NA,NA,NA,NA,NA,NA
"104.104_104267",NA,NA,NA,NA,NA,NA,NA
"104.104_104269",NA,NA,NA,NA,NA,NA,NA
"104.104_104273",NA,NA,NA,NA,NA,NA,NA
"104.104_104275",NA,NA,NA,NA,NA,NA,NA
"104.104_104278",NA,NA,NA,NA,NA,NA,NA
"104.104_104279",NA,NA,NA,NA,NA,NA,NA
"104.104_104281",NA,NA,NA,NA,NA,NA,NA
"104.104_104284",NA,NA,NA,NA,NA,NA,NA
"104.104_104286",NA,NA,NA,NA,NA,NA,NA
"104.104_104288",6,0.5,0.0153846153846154,0,NA,NA,NA
"104.104_104289",NA,NA,NA,NA,NA,NA,NA
"104.104_104290",NA,NA,NA,NA,NA,NA,NA
"104.104_104291",NA,NA,NA,NA,NA,NA,NA
"104.104_104296",NA,NA,NA,NA,NA,NA,NA
"104.104_104298",NA,NA,NA,NA,NA,NA,NA
"104.104_104299",7,0,0,0,NA,NA,NA
"104.104_104300",NA,NA,NA,NA,NA,NA,NA
"104.104_104302",NA,NA,NA,NA,NA,NA,NA
"104.104_104303",NA,NA,NA,NA,NA,NA,NA
"104.104_104304",NA,NA,NA,NA,NA,NA,NA
"104.104_104308",NA,NA,NA,NA,NA,NA,NA
"104.104_104309",NA,NA,NA,NA,NA,NA,NA
"104.104_104311",6,0.5,0,0,NA,NA,NA
"104.104_104313",NA,NA,NA,NA,NA,NA,NA
"104.104_104315",NA,NA,NA,NA,NA,NA,NA
"104.104_104318",NA,NA,NA,NA,NA,NA,NA
"104.104_104321",NA,NA,NA,NA,NA,NA,NA
"104.104_104323",5,0,0,0,NA,NA,NA
"104.104_104324",NA,NA,NA,NA,NA,NA,NA
"104.104_104326",NA,NA,NA,NA,NA,NA,NA
"104.104_104328",NA,NA,NA,NA,NA,NA,NA
"104.104_104330",NA,NA,NA,NA,NA,NA,NA
"104.104_104331",6,0,0,0,NA,NA,NA
"104.104_104332",NA,NA,NA,NA,NA,NA,NA
"104.104_104334",5,0.25,0,0,NA,NA,NA
"104.104_104335",NA,NA,NA,NA,NA,NA,NA
"104.104_104336",NA,NA,NA,NA,NA,NA,NA
"104.104_104338",NA,NA,NA,NA,NA,NA,NA
"104.104_104339",1,0,0,0,NA,NA,NA
"104.104_104341",NA,NA,NA,NA,NA,NA,NA
"104.104_104342",NA,NA,NA,NA,NA,NA,NA
"104.104_104344",4,0,0,0,NA,NA,NA
"104.104_104348",NA,NA,NA,NA,NA,NA,NA
"104.104_104349",8,0,0,0,NA,NA,NA
"104.104_104350",NA,NA,NA,NA,NA,NA,NA
"104.104_104352",NA,NA,NA,NA,NA,NA,NA
"104.104_104353",NA,NA,NA,NA,NA,NA,NA
"104.104_104354",NA,NA,NA,NA,NA,NA,NA
"104.104_104355",NA,NA,NA,NA,NA,NA,NA
"104.104_104357",NA,NA,NA,NA,NA,NA,NA
"104.104_104358",NA,NA,NA,NA,NA,NA,NA
"104.104_104360",NA,NA,NA,NA,NA,NA,NA
"104.104_104361",NA,NA,NA,NA,NA,NA,NA
"104.104_104362",NA,NA,NA,NA,NA,NA,NA
"104.104_104363",6,0,0,0,NA,NA,NA
"104.104_104364",6,0,0,0,NA,NA,NA
"104.104_104365",NA,NA,NA,NA,NA,NA,NA
"104.104_104366",8,0.2,0,0,NA,NA,NA
"104.104_104367",NA,NA,NA,NA,NA,NA,NA
"104.104_104369",NA,NA,NA,NA,NA,NA,NA
"104.104_104370",NA,NA,NA,NA,NA,NA,NA
"104.104_104372",NA,NA,NA,NA,NA,NA,NA
"104.104_104373",NA,NA,NA,NA,NA,NA,NA
"104.104_104374",NA,NA,NA,NA,NA,NA,NA
"104.104_104375",NA,NA,NA,NA,NA,NA,NA
"104.104_104379",3,0,0,0,NA,NA,NA
"104.104_104381",8,0.333333333333333,0,0,NA,NA,NA
"104.104_104382",NA,NA,NA,NA,NA,NA,NA
"104.104_104384",NA,NA,NA,NA,NA,NA,NA
"104.104_104387",NA,NA,NA,NA,NA,NA,NA
"104.104_104389",NA,NA,NA,NA,NA,NA,NA
"104.104_104390",NA,NA,NA,NA,NA,NA,NA
"104.104_104391",NA,NA,NA,NA,NA,NA,NA
"104.104_104392",NA,NA,NA,NA,NA,NA,NA
"104.104_104393",5,0.5,0,0,NA,NA,NA
"104.104_104394",6,0.142857142857143,0.00769230769230769,0.000760456273764258,NA,NA,NA
"104.104_104395",NA,NA,NA,NA,NA,NA,NA
"104.104_104396",3,0,0,0,NA,NA,NA
"104.104_104398",NA,NA,NA,NA,NA,NA,NA
"104.104_104399",NA,NA,NA,NA,NA,NA,NA
"104.104_104401",2,0.2,0,0.00476190476190476,NA,NA,NA
"104.104_104402",5,0.5,0,0.0045045045045045,NA,NA,NA
"104.104_104403",NA,NA,NA,NA,NA,NA,NA
"104.104_104405",NA,NA,NA,NA,NA,NA,NA
"104.104_104406",6,0.25,0,0.000950570342205323,NA,NA,NA
"104.104_104408",5,0,0,0,NA,NA,NA
"104.104_104409",4,0,0,0,NA,NA,NA
"104.104_104410",NA,NA,NA,NA,NA,NA,NA
"104.104_104411",5,0.333333333333333,0,0,NA,NA,NA
"104.104_104412",NA,NA,NA,NA,NA,NA,NA
"104.104_104413",NA,NA,NA,NA,NA,NA,NA
"104.104_104415",NA,NA,NA,NA,NA,NA,NA
"104.104_104416",NA,NA,NA,NA,NA,NA,NA
"104.104_104417",NA,NA,NA,NA,NA,NA,NA
"104.104_104420",NA,NA,NA,NA,NA,NA,NA
"104.104_104421",NA,NA,NA,NA,NA,NA,NA
"104.104_104422",NA,NA,NA,NA,NA,NA,NA
"104.104_104424",1,0,0.032258064516129,0,NA,NA,NA
"104.104_104425",NA,NA,NA,NA,NA,NA,NA
"104.104_104428",NA,NA,NA,NA,NA,NA,NA
"104.104_104430",NA,NA,NA,NA,NA,NA,NA
"104.104_104432",NA,NA,NA,NA,NA,NA,NA
"104.104_104433",NA,NA,NA,NA,NA,NA,NA
"104.104_104436",5,0,0,0,NA,NA,NA
"104.104_104437",1,0,0,0,NA,NA,NA
"104.104_104442",2,0,0,0,NA,NA,NA
"104.104_104443",2,0,0,0,NA,NA,NA
"104.104_104444",NA,NA,NA,NA,NA,NA,NA
"104.104_104445",NA,NA,NA,NA,NA,NA,NA
"104.104_104446",NA,NA,NA,NA,NA,NA,NA
"104.104_104448",4,0,0,0,NA,NA,NA
"104.104_104449",NA,NA,NA,NA,NA,NA,NA
"104.104_104451",NA,NA,NA,NA,NA,NA,NA
"104.104_104453",NA,NA,NA,NA,NA,NA,NA
"104.104_104455",5,0,0,0,NA,NA,NA
"104.104_104457",NA,NA,NA,NA,NA,NA,NA
"104.104_104458",7,0.666666666666667,0,0,NA,NA,NA
"104.104_104460",NA,NA,NA,NA,NA,NA,NA
"104.104_104461",NA,NA,NA,NA,NA,NA,NA
"104.104_104462",5,0,0,0,NA,NA,NA
"104.104_104463",NA,NA,NA,NA,NA,NA,NA
"104.104_104465",NA,NA,NA,NA,NA,NA,NA
"104.104_104468",NA,NA,NA,NA,NA,NA,NA
"104.104_104471",NA,NA,NA,NA,NA,NA,NA
"104.104_104474",NA,NA,NA,NA,NA,NA,NA
"104.104_104475",5,0.5,0,0.0045045045045045,NA,NA,NA
"104.104_104476",NA,NA,NA,NA,NA,NA,NA
"104.104_104477",NA,NA,NA,NA,NA,NA,NA
"104.104_104478",NA,NA,NA,NA,NA,NA,NA
"104.104_104479",NA,NA,NA,NA,NA,NA,NA
"104.104_104480",5,0.4,0,0,NA,NA,NA
"104.104_104481",NA,NA,NA,NA,NA,NA,NA
"104.104_104485",1,0,0,0,NA,NA,NA
"104.104_104486",NA,NA,NA,NA,NA,NA,NA
"104.104_104487",1,0,0,0,NA,NA,NA
"104.104_104489",NA,NA,NA,NA,NA,NA,NA
"104.104_104490",NA,NA,NA,NA,NA,NA,NA
"104.104_104493",NA,NA,NA,NA,NA,NA,NA
"104.104_104497",7,0,0,0,NA,NA,NA
"104.104_104501",NA,NA,NA,NA,NA,NA,NA
"104.104_104502",NA,NA,NA,NA,NA,NA,NA
"104.104_104504",NA,NA,NA,NA,NA,NA,NA
"104.104_104508",NA,NA,NA,NA,NA,NA,NA
"104.104_104509",5,0,0.00806451612903225,0,NA,NA,NA
"104.104_104511",NA,NA,NA,NA,NA,NA,NA
"104.104_104512",NA,NA,NA,NA,NA,NA,NA
"104.104_104513",NA,NA,NA,NA,NA,NA,NA
"104.104_104514",NA,NA,NA,NA,NA,NA,NA
"104.104_104515",5,1,0.00268817204301075,0,NA,NA,NA
"104.104_104516",NA,NA,NA,NA,NA,NA,NA
"104.104_104517",NA,NA,NA,NA,NA,NA,NA
"104.104_104524",NA,NA,NA,NA,NA,NA,NA
"104.104_104527",5,1,0,0.009009009009009,NA,NA,NA
"104.104_104528",NA,NA,NA,NA,NA,NA,NA
"104.104_104529",NA,NA,NA,NA,NA,NA,NA
"104.104_104531",3,0,0,0,NA,NA,NA
"104.104_104532",NA,NA,NA,NA,NA,NA,NA
"104.104_104533",NA,NA,NA,NA,NA,NA,NA
"104.104_104534",NA,NA,NA,NA,NA,NA,NA
"104.104_104536",NA,NA,NA,NA,NA,NA,NA
"104.104_104537",NA,NA,NA,NA,NA,NA,NA
"104.104_104538",NA,NA,NA,NA,NA,NA,NA
"104.104_104539",NA,NA,NA,NA,NA,NA,NA
"104.104_104540",NA,NA,NA,NA,NA,NA,NA
"104.104_104545",6,0,0,0,NA,NA,NA
"104.104_104546",NA,NA,NA,NA,NA,NA,NA
"104.104_104548",NA,NA,NA,NA,NA,NA,NA
"104.104_104549",3,0,0,0,NA,NA,NA
"104.104_104551",5,0,0,0,NA,NA,NA
"104.104_104552",NA,NA,NA,NA,NA,NA,NA
"104.104_104553",NA,NA,NA,NA,NA,NA,NA
"104.104_104554",NA,NA,NA,NA,NA,NA,NA
"104.104_104556",NA,NA,NA,NA,NA,NA,NA
"104.104_104559",8,0,0,0,NA,NA,NA
"104.104_104562",NA,NA,NA,NA,NA,NA,NA
"104.104_104564",NA,NA,NA,NA,NA,NA,NA
"104.104_104565",4,0.333333333333333,0,0,NA,NA,NA
"104.104_104566",NA,NA,NA,NA,NA,NA,NA
"104.104_104569",NA,NA,NA,NA,NA,NA,NA
"104.104_104571",NA,NA,NA,NA,NA,NA,NA
"104.104_104572",5,0.2,0,0,NA,NA,NA
"104.104_104574",NA,NA,NA,NA,NA,NA,NA
"104.104_104575",NA,NA,NA,NA,NA,NA,NA
"104.104_104578",NA,NA,NA,NA,NA,NA,NA
"104.104_104579",4,0,0.00380228136882129,0,NA,NA,NA
"104.104_104580",NA,NA,NA,NA,NA,NA,NA
"104.104_104581",NA,NA,NA,NA,NA,NA,NA
"104.104_104582",NA,NA,NA,NA,NA,NA,NA
"104.104_104583",7,0.333333333333333,0,0.00268817204301075,NA,NA,NA
"104.104_104587",NA,NA,NA,NA,NA,NA,NA
"104.104_104588",NA,NA,NA,NA,NA,NA,NA
"104.104_104589",NA,NA,NA,NA,NA,NA,NA
"104.104_104591",NA,NA,NA,NA,NA,NA,NA
"104.104_104592",NA,NA,NA,NA,NA,NA,NA
"104.104_104594",5,0,0,0,NA,NA,NA
"104.104_104595",NA,NA,NA,NA,NA,NA,NA
"104.104_104596",NA,NA,NA,NA,NA,NA,NA
"104.104_104599",NA,NA,NA,NA,NA,NA,NA
"104.104_104601",NA,NA,NA,NA,NA,NA,NA
"104.104_104603",NA,NA,NA,NA,NA,NA,NA
"104.104_104604",NA,NA,NA,NA,NA,NA,NA
"104.104_104605",NA,NA,NA,NA,NA,NA,NA
"104.104_104606",NA,NA,NA,NA,NA,NA,NA
"104.104_104607",4,0,0,0,NA,NA,NA
"104.104_104608",NA,NA,NA,NA,NA,NA,NA
"104.104_104609",5,0.5,0,0,NA,NA,NA
"104.104_104610",5,0.571428571428571,0,0.0045045045045045,NA,NA,NA
"104.104_104611",NA,NA,NA,NA,NA,NA,NA
"104.104_104612",NA,NA,NA,NA,NA,NA,NA
"104.104_104613",NA,NA,NA,NA,NA,NA,NA
"104.104_104614",NA,NA,NA,NA,NA,NA,NA
"104.104_104615",6,0.5,0,0.000950570342205323,NA,NA,NA
"104.104_104617",NA,NA,NA,NA,NA,NA,NA
"104.104_104618",NA,NA,NA,NA,NA,NA,NA
"104.104_104627",NA,NA,NA,NA,NA,NA,NA
"104.104_104628",NA,NA,NA,NA,NA,NA,NA
"104.104_104630",3,0,0,0,NA,NA,NA
"104.104_104634",8,0.333333333333333,0,0,NA,NA,NA
"104.104_104641",NA,NA,NA,NA,NA,NA,NA
"104.104_104657",NA,NA,NA,NA,NA,NA,NA
"104.104_104660",NA,NA,NA,NA,NA,NA,NA
"104.104_104661",NA,NA,NA,NA,NA,NA,NA
"104.104_104662",NA,NA,NA,NA,NA,NA,NA
"104.104_104664",NA,NA,NA,NA,NA,NA,NA
"104.104_104666",7,0,0,0,NA,NA,NA
"104.104_104667",NA,NA,NA,NA,NA,NA,NA
"104.104_104668",NA,NA,NA,NA,NA,NA,NA
"104.104_104669",NA,NA,NA,NA,NA,NA,NA
"104.104_104670",7,0,0,0,NA,NA,NA
"105.105_105003",NA,NA,NA,NA,NA,NA,NA
"105.105_105008",NA,NA,NA,NA,NA,NA,NA
"105.105_105013",NA,NA,NA,NA,NA,NA,NA
"105.105_105017",NA,NA,NA,NA,NA,NA,NA
"105.105_105018",NA,NA,NA,NA,NA,NA,NA
"105.105_105019",NA,NA,NA,NA,NA,NA,NA
"105.105_105022",NA,NA,NA,NA,NA,NA,NA
"105.105_105024",NA,NA,NA,NA,NA,NA,NA
"105.105_105025",NA,NA,NA,NA,NA,NA,NA
"105.105_105027",NA,NA,NA,NA,NA,NA,NA
"105.105_105030",NA,NA,NA,NA,NA,NA,NA
"105.105_105031",NA,NA,NA,NA,NA,NA,NA
"105.105_105032",NA,NA,NA,NA,NA,NA,NA
"105.105_105038",5,0,0,0,NA,NA,NA
"105.105_105039",NA,NA,NA,NA,NA,NA,NA
"105.105_105041",NA,NA,NA,NA,NA,NA,NA
"105.105_105042",NA,NA,NA,NA,NA,NA,NA
"105.105_105043",NA,NA,NA,NA,NA,NA,NA
"105.105_105045",3,0.2,0.009009009009009,0,NA,NA,NA
"105.105_105046",NA,NA,NA,NA,NA,NA,NA
"105.105_105047",NA,NA,NA,NA,NA,NA,NA
"105.105_105049",NA,NA,NA,NA,NA,NA,NA
"105.105_105052",NA,NA,NA,NA,NA,NA,NA
"105.105_105055",NA,NA,NA,NA,NA,NA,NA
"105.105_105062",NA,NA,NA,NA,NA,NA,NA
"105.105_105063",NA,NA,NA,NA,NA,NA,NA
"105.105_105066",NA,NA,NA,NA,NA,NA,NA
"105.105_105067",NA,NA,NA,NA,NA,NA,NA
"105.105_105074",NA,NA,NA,NA,NA,NA,NA
"105.105_105075",NA,NA,NA,NA,NA,NA,NA
"105.105_105076",NA,NA,NA,NA,NA,NA,NA
"105.105_105077",NA,NA,NA,NA,NA,NA,NA
"105.105_105081",5,0,0,0,NA,NA,NA
"105.105_105082",NA,NA,NA,NA,NA,NA,NA
"105.105_105083",6,0,0,0,NA,NA,NA
"105.105_105089",7,0,0,0,NA,NA,NA
"105.105_105094",NA,NA,NA,NA,NA,NA,NA
"105.105_105095",NA,NA,NA,NA,NA,NA,NA
"105.105_105096",NA,NA,NA,NA,NA,NA,NA
"105.105_105099",NA,NA,NA,NA,NA,NA,NA
"105.105_105101",1,0,0,0,NA,NA,NA
"105.105_105102",NA,NA,NA,NA,NA,NA,NA
"105.105_105105",NA,NA,NA,NA,NA,NA,NA
"105.105_105107",NA,NA,NA,NA,NA,NA,NA
"105.105_105108",NA,NA,NA,NA,NA,NA,NA
"105.105_105111",NA,NA,NA,NA,NA,NA,NA
"105.105_105113",NA,NA,NA,NA,NA,NA,NA
"105.105_105118",5,0.25,0,0,NA,NA,NA
"105.105_105119",NA,NA,NA,NA,NA,NA,NA
"105.105_105123",NA,NA,NA,NA,NA,NA,NA
"105.105_105124",NA,NA,NA,NA,NA,NA,NA
"105.105_105126",NA,NA,NA,NA,NA,NA,NA
"105.105_105129",NA,NA,NA,NA,NA,NA,NA
"105.105_105130",NA,NA,NA,NA,NA,NA,NA
"105.105_105133",NA,NA,NA,NA,NA,NA,NA
"105.105_105136",1,0,0,0,NA,NA,NA
"105.105_105137",3,0.25,0.009009009009009,0,NA,NA,NA
"105.105_105138",NA,NA,NA,NA,NA,NA,NA
"105.105_105142",NA,NA,NA,NA,NA,NA,NA
"105.105_105146",5,0,0,0,NA,NA,NA
"105.105_105148",2,0,0,0,NA,NA,NA
"105.105_105149",2,0,0,0,NA,NA,NA
"105.105_105150",NA,NA,NA,NA,NA,NA,NA
"105.105_105152",1,0,0,0,NA,NA,NA
"105.105_105159",NA,NA,NA,NA,NA,NA,NA
"105.105_105160",NA,NA,NA,NA,NA,NA,NA
"105.105_105162",4,0.4,0,0.00279329608938547,NA,NA,NA
"105.105_105164",4,0.75,0,0.0037243947858473,NA,NA,NA
"105.105_105167",1,0,0,0,NA,NA,NA
"105.105_105168",NA,NA,NA,NA,NA,NA,NA
"105.105_105169",NA,NA,NA,NA,NA,NA,NA
"105.105_105170",NA,NA,NA,NA,NA,NA,NA
"105.105_105175",NA,NA,NA,NA,NA,NA,NA
"105.105_105177",NA,NA,NA,NA,NA,NA,NA
"105.105_105182",NA,NA,NA,NA,NA,NA,NA
"105.105_105184",NA,NA,NA,NA,NA,NA,NA
"105.105_105188",NA,NA,NA,NA,NA,NA,NA
"105.105_105191",5,1,0,0,NA,NA,NA
"105.105_105192",NA,NA,NA,NA,NA,NA,NA
"105.105_105193",6,0,0,0,NA,NA,NA
"105.105_105196",6,0,0,0,NA,NA,NA
"105.105_105198",5,0,0,0,NA,NA,NA
"105.105_105199",NA,NA,NA,NA,NA,NA,NA
"105.105_105200",NA,NA,NA,NA,NA,NA,NA
"105.105_105201",NA,NA,NA,NA,NA,NA,NA
"105.105_105204",NA,NA,NA,NA,NA,NA,NA
"105.105_105205",5,0.5,0,0,NA,NA,NA
"105.105_105206",NA,NA,NA,NA,NA,NA,NA
"105.105_105207",NA,NA,NA,NA,NA,NA,NA
"105.105_105208",NA,NA,NA,NA,NA,NA,NA
"105.105_105211",NA,NA,NA,NA,NA,NA,NA
"105.105_105214",NA,NA,NA,NA,NA,NA,NA
"105.105_105216",NA,NA,NA,NA,NA,NA,NA
"105.105_105218",NA,NA,NA,NA,NA,NA,NA
"105.105_105219",NA,NA,NA,NA,NA,NA,NA
"105.105_105220",NA,NA,NA,NA,NA,NA,NA
"105.105_105221",NA,NA,NA,NA,NA,NA,NA
"105.105_105224",NA,NA,NA,NA,NA,NA,NA
"105.105_105226",NA,NA,NA,NA,NA,NA,NA
"105.105_105229",NA,NA,NA,NA,NA,NA,NA
"105.105_105231",5,0,0,0,NA,NA,NA
"105.105_105233",NA,NA,NA,NA,NA,NA,NA
"105.105_105234",NA,NA,NA,NA,NA,NA,NA
"105.105_105237",NA,NA,NA,NA,NA,NA,NA
"105.105_105239",NA,NA,NA,NA,NA,NA,NA
"105.105_105240",NA,NA,NA,NA,NA,NA,NA
"105.105_105243",NA,NA,NA,NA,NA,NA,NA
"105.105_105248",NA,NA,NA,NA,NA,NA,NA
"105.105_105250",NA,NA,NA,NA,NA,NA,NA
"105.105_105252",NA,NA,NA,NA,NA,NA,NA
"105.105_105253",NA,NA,NA,NA,NA,NA,NA
"105.105_105254",NA,NA,NA,NA,NA,NA,NA
"105.105_105264",NA,NA,NA,NA,NA,NA,NA
"105.105_105266",NA,NA,NA,NA,NA,NA,NA
"105.105_105269",NA,NA,NA,NA,NA,NA,NA
"105.105_105272",NA,NA,NA,NA,NA,NA,NA
"105.105_105274",NA,NA,NA,NA,NA,NA,NA
"105.105_105275",NA,NA,NA,NA,NA,NA,NA
"105.105_105276",NA,NA,NA,NA,NA,NA,NA
"105.105_105279",NA,NA,NA,NA,NA,NA,NA
"105.105_105281",NA,NA,NA,NA,NA,NA,NA
"105.105_105283",NA,NA,NA,NA,NA,NA,NA
"105.105_105284",NA,NA,NA,NA,NA,NA,NA
"105.105_105288",NA,NA,NA,NA,NA,NA,NA
"105.105_105289",NA,NA,NA,NA,NA,NA,NA
"105.105_105291",NA,NA,NA,NA,NA,NA,NA
"105.105_105295",NA,NA,NA,NA,NA,NA,NA
"105.105_105297",NA,NA,NA,NA,NA,NA,NA
"105.105_105299",NA,NA,NA,NA,NA,NA,NA
"105.105_105300",NA,NA,NA,NA,NA,NA,NA
"105.105_105303",NA,NA,NA,NA,NA,NA,NA
"105.105_105304",NA,NA,NA,NA,NA,NA,NA
"105.105_105306",NA,NA,NA,NA,NA,NA,NA
"105.105_105307",NA,NA,NA,NA,NA,NA,NA
"105.105_105309",NA,NA,NA,NA,NA,NA,NA
"105.105_105312",7,0,0,0,NA,NA,NA
"105.105_105313",4,0,0,0,NA,NA,NA
"105.105_105314",1,0.333333333333333,0,0,NA,NA,NA
"105.105_105315",NA,NA,NA,NA,NA,NA,NA
"105.105_105316",NA,NA,NA,NA,NA,NA,NA
"105.105_105318",NA,NA,NA,NA,NA,NA,NA
"105.105_105320",NA,NA,NA,NA,NA,NA,NA
"105.105_105321",NA,NA,NA,NA,NA,NA,NA
"105.105_105322",NA,NA,NA,NA,NA,NA,NA
"105.105_105326",NA,NA,NA,NA,NA,NA,NA
"105.105_105329",NA,NA,NA,NA,NA,NA,NA
"105.105_105330",NA,NA,NA,NA,NA,NA,NA
"105.105_105335",5,0.2,0,0,NA,NA,NA
"105.105_105339",7,0,0,0,NA,NA,NA
"105.105_105341",NA,NA,NA,NA,NA,NA,NA
"105.105_105344",NA,NA,NA,NA,NA,NA,NA
"105.105_105348",NA,NA,NA,NA,NA,NA,NA
"105.105_105350",NA,NA,NA,NA,NA,NA,NA
"105.105_105352",NA,NA,NA,NA,NA,NA,NA
"105.105_105353",NA,NA,NA,NA,NA,NA,NA
"105.105_105359",7,0.5,0,0,NA,NA,NA
"105.105_105361",NA,NA,NA,NA,NA,NA,NA
"105.105_105362",NA,NA,NA,NA,NA,NA,NA
"105.105_105363",5,0,0,0,NA,NA,NA
"105.105_105367",NA,NA,NA,NA,NA,NA,NA
"105.105_105368",NA,NA,NA,NA,NA,NA,NA
"105.105_105369",NA,NA,NA,NA,NA,NA,NA
"105.105_105370",NA,NA,NA,NA,NA,NA,NA
"105.105_105371",NA,NA,NA,NA,NA,NA,NA
"105.105_105375",NA,NA,NA,NA,NA,NA,NA
"105.105_105380",NA,NA,NA,NA,NA,NA,NA
"105.105_105382",NA,NA,NA,NA,NA,NA,NA
"105.105_105383",NA,NA,NA,NA,NA,NA,NA
"105.105_105385",NA,NA,NA,NA,NA,NA,NA
"105.105_105386",NA,NA,NA,NA,NA,NA,NA
"105.105_105387",NA,NA,NA,NA,NA,NA,NA
"105.105_105388",6,0,0,0,NA,NA,NA
"105.105_105389",NA,NA,NA,NA,NA,NA,NA
"105.105_105390",NA,NA,NA,NA,NA,NA,NA
"105.105_105391",NA,NA,NA,NA,NA,NA,NA
"105.105_105393",NA,NA,NA,NA,NA,NA,NA
"105.105_105394",NA,NA,NA,NA,NA,NA,NA
"105.105_105396",NA,NA,NA,NA,NA,NA,NA
"105.105_105398",7,0,0,0,NA,NA,NA
"105.105_105399",NA,NA,NA,NA,NA,NA,NA
"105.105_105401",6,0,0,0,NA,NA,NA
"105.105_105402",NA,NA,NA,NA,NA,NA,NA
"105.105_105403",8,0.5,0,0,NA,NA,NA
"105.105_105405",NA,NA,NA,NA,NA,NA,NA
"105.105_105407",NA,NA,NA,NA,NA,NA,NA
"105.105_105408",NA,NA,NA,NA,NA,NA,NA
"105.105_105410",NA,NA,NA,NA,NA,NA,NA
"105.105_105412",1,1,0,0,NA,NA,NA
"105.105_105413",NA,NA,NA,NA,NA,NA,NA
"105.105_105420",7,0,0,0,NA,NA,NA
"105.105_105422",NA,NA,NA,NA,NA,NA,NA
"105.105_105424",NA,NA,NA,NA,NA,NA,NA
"105.105_105425",5,0,0,0,NA,NA,NA
"105.105_105426",1,0,0,0,NA,NA,NA
"105.105_105430",NA,NA,NA,NA,NA,NA,NA
"105.105_105431",NA,NA,NA,NA,NA,NA,NA
"105.105_105437",NA,NA,NA,NA,NA,NA,NA
"105.105_105438",NA,NA,NA,NA,NA,NA,NA
"105.105_105442",NA,NA,NA,NA,NA,NA,NA
"105.105_105447",NA,NA,NA,NA,NA,NA,NA
"105.105_105448",NA,NA,NA,NA,NA,NA,NA
"105.105_105449",NA,NA,NA,NA,NA,NA,NA
"105.105_105451",3,0,0,0,NA,NA,NA
"105.105_105454",NA,NA,NA,NA,NA,NA,NA
"105.105_105463",NA,NA,NA,NA,NA,NA,NA
"106.106_106004",NA,NA,NA,NA,NA,NA,NA
"106.106_106005",NA,NA,NA,NA,NA,NA,NA
"106.106_106007",NA,NA,NA,NA,NA,NA,NA
"106.106_106011",NA,NA,NA,NA,NA,NA,NA
"106.106_106015",3,0,0,0,NA,NA,NA
"106.106_106018",NA,NA,NA,NA,NA,NA,NA
"106.106_106020",NA,NA,NA,NA,NA,NA,NA
"106.106_106021",5,0,0,0,NA,NA,NA
"106.106_106028",NA,NA,NA,NA,NA,NA,NA
"106.106_106029",5,0,0,0,NA,NA,NA
"106.106_106030",NA,NA,NA,NA,NA,NA,NA
"106.106_106032",NA,NA,NA,NA,NA,NA,NA
"106.106_106033",NA,NA,NA,NA,NA,NA,NA
"106.106_106035",NA,NA,NA,NA,NA,NA,NA
"106.106_106036",NA,NA,NA,NA,NA,NA,NA
"106.106_106038",NA,NA,NA,NA,NA,NA,NA
"106.106_106046",5,0,0,0,NA,NA,NA
"106.106_106047",NA,NA,NA,NA,NA,NA,NA
"106.106_106050",NA,NA,NA,NA,NA,NA,NA
"106.106_106055",NA,NA,NA,NA,NA,NA,NA
"106.106_106059",NA,NA,NA,NA,NA,NA,NA
"106.106_106062",NA,NA,NA,NA,NA,NA,NA
"106.106_106063",NA,NA,NA,NA,NA,NA,NA
"106.106_106064",NA,NA,NA,NA,NA,NA,NA
"106.106_106066",NA,NA,NA,NA,NA,NA,NA
"106.106_106069",NA,NA,NA,NA,NA,NA,NA
"106.106_106070",NA,NA,NA,NA,NA,NA,NA
"106.106_106072",NA,NA,NA,NA,NA,NA,NA
"106.106_106073",3,0,0,0,NA,NA,NA
"106.106_106074",NA,NA,NA,NA,NA,NA,NA
"106.106_106076",5,0,0,0,NA,NA,NA
"106.106_106083",NA,NA,NA,NA,NA,NA,NA
"106.106_106086",NA,NA,NA,NA,NA,NA,NA
"106.106_106088",NA,NA,NA,NA,NA,NA,NA
"106.106_106093",4,0,0,0,NA,NA,NA
"106.106_106094",NA,NA,NA,NA,NA,NA,NA
"106.106_106095",NA,NA,NA,NA,NA,NA,NA
"106.106_106097",NA,NA,NA,NA,NA,NA,NA
"106.106_106102",NA,NA,NA,NA,NA,NA,NA
"106.106_106105",NA,NA,NA,NA,NA,NA,NA
"106.106_106107",NA,NA,NA,NA,NA,NA,NA
"106.106_106108",8,0.5,0,0,NA,NA,NA
"106.106_106110",NA,NA,NA,NA,NA,NA,NA
"106.106_106111",NA,NA,NA,NA,NA,NA,NA
"106.106_106115",NA,NA,NA,NA,NA,NA,NA
"106.106_106118",3,0,0,0,NA,NA,NA
"106.106_106121",5,0,0,0,NA,NA,NA
"106.106_106123",3,0,0,0,NA,NA,NA
"106.106_106124",NA,NA,NA,NA,NA,NA,NA
"106.106_106128",6,0,0,0,NA,NA,NA
"106.106_106129",NA,NA,NA,NA,NA,NA,NA
"106.106_106130",3,0,0.009009009009009,0,NA,NA,NA
"106.106_106133",NA,NA,NA,NA,NA,NA,NA
"106.106_106134",NA,NA,NA,NA,NA,NA,NA
"106.106_106135",NA,NA,NA,NA,NA,NA,NA
"106.106_106136",NA,NA,NA,NA,NA,NA,NA
"106.106_106139",NA,NA,NA,NA,NA,NA,NA
"106.106_106140",3,0,0,0,NA,NA,NA
"106.106_106142",NA,NA,NA,NA,NA,NA,NA
"106.106_106144",NA,NA,NA,NA,NA,NA,NA
"106.106_106145",NA,NA,NA,NA,NA,NA,NA
"106.106_106148",3,0,0,0,NA,NA,NA
"106.106_106156",NA,NA,NA,NA,NA,NA,NA
"106.106_106157",3,0,0,0,NA,NA,NA
"106.106_106158",NA,NA,NA,NA,NA,NA,NA
"106.106_106160",NA,NA,NA,NA,NA,NA,NA
"106.106_106165",5,0.333333333333333,0,0,NA,NA,NA
"106.106_106168",NA,NA,NA,NA,NA,NA,NA
"106.106_106171",NA,NA,NA,NA,NA,NA,NA
"106.106_106175",NA,NA,NA,NA,NA,NA,NA
"106.106_106176",NA,NA,NA,NA,NA,NA,NA
"106.106_106178",NA,NA,NA,NA,NA,NA,NA
"106.106_106180",7,0,0,0,NA,NA,NA
"106.106_106181",NA,NA,NA,NA,NA,NA,NA
"106.106_106184",NA,NA,NA,NA,NA,NA,NA
"106.106_106185",NA,NA,NA,NA,NA,NA,NA
"106.106_106187",NA,NA,NA,NA,NA,NA,NA
"106.106_106197",NA,NA,NA,NA,NA,NA,NA
"106.106_106205",NA,NA,NA,NA,NA,NA,NA
"106.106_106206",NA,NA,NA,NA,NA,NA,NA
"106.106_106209",NA,NA,NA,NA,NA,NA,NA
"106.106_106211",NA,NA,NA,NA,NA,NA,NA
"106.106_106217",NA,NA,NA,NA,NA,NA,NA
"106.106_106218",3,0,0,0,NA,NA,NA
"106.106_106220",NA,NA,NA,NA,NA,NA,NA
"106.106_106221",NA,NA,NA,NA,NA,NA,NA
"106.106_106222",NA,NA,NA,NA,NA,NA,NA
"106.106_106223",6,0,0,0,NA,NA,NA
"106.106_106224",NA,NA,NA,NA,NA,NA,NA
"106.106_106227",NA,NA,NA,NA,NA,NA,NA
"106.106_106231",NA,NA,NA,NA,NA,NA,NA
"106.106_106233",4,0.4,0,0.00279329608938547,NA,NA,NA
"106.106_106234",NA,NA,NA,NA,NA,NA,NA
"106.106_106236",NA,NA,NA,NA,NA,NA,NA
"106.106_106237",NA,NA,NA,NA,NA,NA,NA
"106.106_106238",NA,NA,NA,NA,NA,NA,NA
"106.106_106241",NA,NA,NA,NA,NA,NA,NA
"106.106_106243",NA,NA,NA,NA,NA,NA,NA
"106.106_106248",NA,NA,NA,NA,NA,NA,NA
"106.106_106250",NA,NA,NA,NA,NA,NA,NA
"106.106_106253",NA,NA,NA,NA,NA,NA,NA
"106.106_106256",NA,NA,NA,NA,NA,NA,NA
"106.106_106257",3,0,0,0,NA,NA,NA
"106.106_106259",NA,NA,NA,NA,NA,NA,NA
"106.106_106262",NA,NA,NA,NA,NA,NA,NA
"106.106_106263",6,1,0,0,NA,NA,NA
"106.106_106266",NA,NA,NA,NA,NA,NA,NA
"106.106_106268",NA,NA,NA,NA,NA,NA,NA
"106.106_106277",5,0,0,0,NA,NA,NA
"106.106_106278",NA,NA,NA,NA,NA,NA,NA
"106.106_106279",NA,NA,NA,NA,NA,NA,NA
"106.106_106282",5,0,0,0,NA,NA,NA
"106.106_106283",NA,NA,NA,NA,NA,NA,NA
"106.106_106284",NA,NA,NA,NA,NA,NA,NA
"106.106_106285",3,0,0,0,NA,NA,NA
"106.106_106288",NA,NA,NA,NA,NA,NA,NA
"106.106_106298",NA,NA,NA,NA,NA,NA,NA
"106.106_106301",NA,NA,NA,NA,NA,NA,NA
"106.106_106302",NA,NA,NA,NA,NA,NA,NA
"106.106_106303",NA,NA,NA,NA,NA,NA,NA
"106.106_106305",NA,NA,NA,NA,NA,NA,NA
"106.106_106306",4,0,0,0,NA,NA,NA
"106.106_106307",NA,NA,NA,NA,NA,NA,NA
"106.106_106308",NA,NA,NA,NA,NA,NA,NA
"106.106_106310",NA,NA,NA,NA,NA,NA,NA
"106.106_106311",4,0,0,0,NA,NA,NA
"106.106_106312",NA,NA,NA,NA,NA,NA,NA
"106.106_106314",NA,NA,NA,NA,NA,NA,NA
"106.106_106316",NA,NA,NA,NA,NA,NA,NA
"106.106_106320",5,0,0,0,NA,NA,NA
"106.106_106321",NA,NA,NA,NA,NA,NA,NA
"106.106_106322",NA,NA,NA,NA,NA,NA,NA
"106.106_106323",NA,NA,NA,NA,NA,NA,NA
"106.106_106328",NA,NA,NA,NA,NA,NA,NA
"106.106_106329",NA,NA,NA,NA,NA,NA,NA
"106.106_106333",3,0,0,0,NA,NA,NA
"106.106_106334",NA,NA,NA,NA,NA,NA,NA
"106.106_106336",NA,NA,NA,NA,NA,NA,NA
"106.106_106337",NA,NA,NA,NA,NA,NA,NA
"106.106_106339",NA,NA,NA,NA,NA,NA,NA
"106.106_106341",NA,NA,NA,NA,NA,NA,NA
"106.106_106342",NA,NA,NA,NA,NA,NA,NA
"106.106_106343",NA,NA,NA,NA,NA,NA,NA
"106.106_106344",3,0.25,0,0,NA,NA,NA
"106.106_106345",NA,NA,NA,NA,NA,NA,NA
"106.106_106346",NA,NA,NA,NA,NA,NA,NA
"106.106_106347",NA,NA,NA,NA,NA,NA,NA
"106.106_106350",NA,NA,NA,NA,NA,NA,NA
"106.106_106351",NA,NA,NA,NA,NA,NA,NA
"106.106_106354",5,0,0,0,NA,NA,NA
"106.106_106355",NA,NA,NA,NA,NA,NA,NA
"106.106_106357",NA,NA,NA,NA,NA,NA,NA
"106.106_106364",3,0,0,0,NA,NA,NA
"106.106_106365",NA,NA,NA,NA,NA,NA,NA
"106.106_106366",NA,NA,NA,NA,NA,NA,NA
"106.106_106371",NA,NA,NA,NA,NA,NA,NA
"106.106_106372",NA,NA,NA,NA,NA,NA,NA
"106.106_106375",NA,NA,NA,NA,NA,NA,NA
"106.106_106378",4,0,0,0,NA,NA,NA
"106.106_106379",NA,NA,NA,NA,NA,NA,NA
"106.106_106380",3,0,0,0,NA,NA,NA
"106.106_106381",6,0.5,0,0,NA,NA,NA
"106.106_106382",NA,NA,NA,NA,NA,NA,NA
"106.106_106385",3,1,0,0,NA,NA,NA
"106.106_106386",NA,NA,NA,NA,NA,NA,NA
"106.106_106389",6,0,0,0,NA,NA,NA
"106.106_106390",6,0,0,0,NA,NA,NA
"106.106_106391",NA,NA,NA,NA,NA,NA,NA
"106.106_106392",NA,NA,NA,NA,NA,NA,NA
"106.106_106394",6,0,0,0,NA,NA,NA
"106.106_106396",NA,NA,NA,NA,NA,NA,NA
"106.106_106397",NA,NA,NA,NA,NA,NA,NA
"106.106_106404",NA,NA,NA,NA,NA,NA,NA
"106.106_106405",NA,NA,NA,NA,NA,NA,NA
"106.106_106409",NA,NA,NA,NA,NA,NA,NA
"106.106_106410",NA,NA,NA,NA,NA,NA,NA
"106.106_106420",5,0,0,0,NA,NA,NA
"106.106_106424",NA,NA,NA,NA,NA,NA,NA
"106.106_106426",NA,NA,NA,NA,NA,NA,NA
"106.106_106430",NA,NA,NA,NA,NA,NA,NA
"106.106_106442",NA,NA,NA,NA,NA,NA,NA
"106.106_106445",5,0.5,0,0,NA,NA,NA
"106.106_106448",4,0,0,0,NA,NA,NA
"106.106_106454",NA,NA,NA,NA,NA,NA,NA
"106.106_106457",NA,NA,NA,NA,NA,NA,NA
"106.106_106459",NA,NA,NA,NA,NA,NA,NA
"106.106_106460",NA,NA,NA,NA,NA,NA,NA
"106.106_106461",NA,NA,NA,NA,NA,NA,NA
"106.106_106470",3,0,0,0,NA,NA,NA
"106.106_106475",6,0,0,0,NA,NA,NA
"106.106_106490",NA,NA,NA,NA,NA,NA,NA
"106.106_106492",NA,NA,NA,NA,NA,NA,NA
"106.106_106496",3,0,0,0,NA,NA,NA
"106.106_106505",NA,NA,NA,NA,NA,NA,NA
"106.106_106509",NA,NA,NA,NA,NA,NA,NA
"106.106_106510",NA,NA,NA,NA,NA,NA,NA
"106.106_106513",NA,NA,NA,NA,NA,NA,NA
"106.106_106516",NA,NA,NA,NA,NA,NA,NA
"106.106_106518",NA,NA,NA,NA,NA,NA,NA
"106.106_106521",3,0,0.009009009009009,0,NA,NA,NA
"106.106_106522",NA,NA,NA,NA,NA,NA,NA
"106.106_106526",NA,NA,NA,NA,NA,NA,NA
"106.106_106530",NA,NA,NA,NA,NA,NA,NA
"106.106_106542",NA,NA,NA,NA,NA,NA,NA
"106.106_106572",NA,NA,NA,NA,NA,NA,NA
"106.106_107053",7,0.333333333333333,0,0,NA,NA,NA
"106.106_107094",7,0,0,0,NA,NA,NA
"106.106_107102",NA,NA,NA,NA,NA,NA,NA
"106.106_107165",7,0,0,0,NA,NA,NA
"106.106_107176",NA,NA,NA,NA,NA,NA,NA
"106.106_107217",7,0,0.025,0,NA,NA,NA
"106.106_107261",NA,NA,NA,NA,NA,NA,NA
"106.106_107332",NA,NA,NA,NA,NA,NA,NA
"106.106_107353",NA,NA,NA,NA,NA,NA,NA
"106.106_107374",NA,NA,NA,NA,NA,NA,NA
"106.106_107450",8,1,0,0.0153846153846154,NA,NA,NA
"106.106_108354",NA,NA,NA,NA,NA,NA,NA
"106.106_108500",NA,NA,NA,NA,NA,NA,NA
"107.107_106137",NA,NA,NA,NA,NA,NA,NA
"107.107_106327",NA,NA,NA,NA,NA,NA,NA
"107.107_107002",NA,NA,NA,NA,NA,NA,NA
"107.107_107007",NA,NA,NA,NA,NA,NA,NA
"107.107_107013",NA,NA,NA,NA,NA,NA,NA
"107.107_107014",NA,NA,NA,NA,NA,NA,NA
"107.107_107018",NA,NA,NA,NA,NA,NA,NA
"107.107_107021",5,0,0,0,NA,NA,NA
"107.107_107022",6,0.666666666666667,0,0.00253485424588086,NA,NA,NA
"107.107_107023",NA,NA,NA,NA,NA,NA,NA
"107.107_107027",NA,NA,NA,NA,NA,NA,NA
"107.107_107030",5,0,0,0,NA,NA,NA
"107.107_107031",6,0.5,0,0,NA,NA,NA
"107.107_107034",6,0.25,0,0.000950570342205323,NA,NA,NA
"107.107_107040",5,0.333333333333333,0.00806451612903225,0.003003003003003,NA,NA,NA
"107.107_107042",NA,NA,NA,NA,NA,NA,NA
"107.107_107043",NA,NA,NA,NA,NA,NA,NA
"107.107_107045",3,0,0,0,NA,NA,NA
"107.107_107046",3,0,0,0,NA,NA,NA
"107.107_107047",NA,NA,NA,NA,NA,NA,NA
"107.107_107057",NA,NA,NA,NA,NA,NA,NA
"107.107_107059",3,0,0,0,NA,NA,NA
"107.107_107060",NA,NA,NA,NA,NA,NA,NA
"107.107_107062",5,0,0.00806451612903225,0,NA,NA,NA
"107.107_107065",NA,NA,NA,NA,NA,NA,NA
"107.107_107067",3,0.25,0,0,NA,NA,NA
"107.107_107068",NA,NA,NA,NA,NA,NA,NA
"107.107_107073",NA,NA,NA,NA,NA,NA,NA
"107.107_107079",NA,NA,NA,NA,NA,NA,NA
"107.107_107080",NA,NA,NA,NA,NA,NA,NA
"107.107_107081",NA,NA,NA,NA,NA,NA,NA
"107.107_107086",NA,NA,NA,NA,NA,NA,NA
"107.107_107087",NA,NA,NA,NA,NA,NA,NA
"107.107_107088",5,0.25,0,0,NA,NA,NA
"107.107_107090",NA,NA,NA,NA,NA,NA,NA
"107.107_107095",5,0,0,0,NA,NA,NA
"107.107_107096",NA,NA,NA,NA,NA,NA,NA
"107.107_107097",4,0,0,0,NA,NA,NA
"107.107_107100",5,1,0.00806451612903225,0,NA,NA,NA
"107.107_107101",7,0.666666666666667,0,0.0053763440860215,NA,NA,NA
"107.107_107102",NA,NA,NA,NA,NA,NA,NA
"107.107_107104",3,0.5,0,0,NA,NA,NA
"107.107_107105",NA,NA,NA,NA,NA,NA,NA
"107.107_107109",NA,NA,NA,NA,NA,NA,NA
"107.107_107114",NA,NA,NA,NA,NA,NA,NA
"107.107_107115",NA,NA,NA,NA,NA,NA,NA
"107.107_107116",NA,NA,NA,NA,NA,NA,NA
"107.107_107119",NA,NA,NA,NA,NA,NA,NA
"107.107_107120",NA,NA,NA,NA,NA,NA,NA
"107.107_107121",5,1,0,0.009009009009009,NA,NA,NA
"107.107_107122",NA,NA,NA,NA,NA,NA,NA
"107.107_107123",NA,NA,NA,NA,NA,NA,NA
"107.107_107125",NA,NA,NA,NA,NA,NA,NA
"107.107_107126",NA,NA,NA,NA,NA,NA,NA
"107.107_107128",NA,NA,NA,NA,NA,NA,NA
"107.107_107130",NA,NA,NA,NA,NA,NA,NA
"107.107_107134",NA,NA,NA,NA,NA,NA,NA
"107.107_107135",3,0,0,0,NA,NA,NA
"107.107_107138",NA,NA,NA,NA,NA,NA,NA
"107.107_107140",NA,NA,NA,NA,NA,NA,NA
"107.107_107142",NA,NA,NA,NA,NA,NA,NA
"107.107_107143",NA,NA,NA,NA,NA,NA,NA
"107.107_107144",5,0,0,0,NA,NA,NA
"107.107_107145",NA,NA,NA,NA,NA,NA,NA
"107.107_107146",NA,NA,NA,NA,NA,NA,NA
"107.107_107148",NA,NA,NA,NA,NA,NA,NA
"107.107_107153",5,0.333333333333333,0,0,NA,NA,NA
"107.107_107154",8,1,0,0,NA,NA,NA
"107.107_107155",NA,NA,NA,NA,NA,NA,NA
"107.107_107156",NA,NA,NA,NA,NA,NA,NA
"107.107_107163",NA,NA,NA,NA,NA,NA,NA
"107.107_107164",NA,NA,NA,NA,NA,NA,NA
"107.107_107168",NA,NA,NA,NA,NA,NA,NA
"107.107_107171",NA,NA,NA,NA,NA,NA,NA
"107.107_107172",NA,NA,NA,NA,NA,NA,NA
"107.107_107174",NA,NA,NA,NA,NA,NA,NA
"107.107_107177",6,0,0,0,NA,NA,NA
"107.107_107179",NA,NA,NA,NA,NA,NA,NA
"107.107_107181",NA,NA,NA,NA,NA,NA,NA
"107.107_107182",NA,NA,NA,NA,NA,NA,NA
"107.107_107183",NA,NA,NA,NA,NA,NA,NA
"107.107_107186",NA,NA,NA,NA,NA,NA,NA
"107.107_107187",6,0,0,0,NA,NA,NA
"107.107_107188",3,0,0,0,NA,NA,NA
"107.107_107189",NA,NA,NA,NA,NA,NA,NA
"107.107_107190",3,0,0,0,NA,NA,NA
"107.107_107192",NA,NA,NA,NA,NA,NA,NA
"107.107_107193",5,0.5,0,0,NA,NA,NA
"107.107_107195",NA,NA,NA,NA,NA,NA,NA
"107.107_107196",5,1,0.00806451612903225,0,NA,NA,NA
"107.107_107198",7,0,0,0,NA,NA,NA
"107.107_107204",NA,NA,NA,NA,NA,NA,NA
"107.107_107205",NA,NA,NA,NA,NA,NA,NA
"107.107_107208",NA,NA,NA,NA,NA,NA,NA
"107.107_107209",NA,NA,NA,NA,NA,NA,NA
"107.107_107210",NA,NA,NA,NA,NA,NA,NA
"107.107_107211",6,0.5,0,0,NA,NA,NA
"107.107_107212",NA,NA,NA,NA,NA,NA,NA
"107.107_107213",NA,NA,NA,NA,NA,NA,NA
"107.107_107216",NA,NA,NA,NA,NA,NA,NA
"107.107_107219",5,0.25,0,0,NA,NA,NA
"107.107_107220",NA,NA,NA,NA,NA,NA,NA
"107.107_107221",NA,NA,NA,NA,NA,NA,NA
"107.107_107222",NA,NA,NA,NA,NA,NA,NA
"107.107_107223",NA,NA,NA,NA,NA,NA,NA
"107.107_107224",NA,NA,NA,NA,NA,NA,NA
"107.107_107225",5,0,0,0,NA,NA,NA
"107.107_107226",3,0,0,0,NA,NA,NA
"107.107_107228",NA,NA,NA,NA,NA,NA,NA
"107.107_107229",NA,NA,NA,NA,NA,NA,NA
"107.107_107234",NA,NA,NA,NA,NA,NA,NA
"107.107_107235",8,1,0,0,NA,NA,NA
"107.107_107236",NA,NA,NA,NA,NA,NA,NA
"107.107_107239",3,0,0,0,NA,NA,NA
"107.107_107240",NA,NA,NA,NA,NA,NA,NA
"107.107_107243",NA,NA,NA,NA,NA,NA,NA
"107.107_107244",NA,NA,NA,NA,NA,NA,NA
"107.107_107247",NA,NA,NA,NA,NA,NA,NA
"107.107_107251",3,0,0,0,NA,NA,NA
"107.107_107252",5,0,0,0,NA,NA,NA
"107.107_107253",NA,NA,NA,NA,NA,NA,NA
"107.107_107254",NA,NA,NA,NA,NA,NA,NA
"107.107_107258",3,0,0,0,NA,NA,NA
"107.107_107263",3,0,0,0,NA,NA,NA
"107.107_107265",7,0,0,0,NA,NA,NA
"107.107_107266",NA,NA,NA,NA,NA,NA,NA
"107.107_107267",NA,NA,NA,NA,NA,NA,NA
"107.107_107268",NA,NA,NA,NA,NA,NA,NA
"107.107_107269",3,0,0,0,NA,NA,NA
"107.107_107270",NA,NA,NA,NA,NA,NA,NA
"107.107_107271",8,0,0,0,NA,NA,NA
"107.107_107273",3,0,0,0,NA,NA,NA
"107.107_107274",NA,NA,NA,NA,NA,NA,NA
"107.107_107275",NA,NA,NA,NA,NA,NA,NA
"107.107_107277",NA,NA,NA,NA,NA,NA,NA
"107.107_107281",6,0.333333333333333,0,0.00126742712294043,NA,NA,NA
"107.107_107285",NA,NA,NA,NA,NA,NA,NA
"107.107_107286",NA,NA,NA,NA,NA,NA,NA
"107.107_107289",4,0,0.00380228136882129,0,NA,NA,NA
"107.107_107291",8,0,0,0,NA,NA,NA
"107.107_107292",6,0.5,0.00769230769230769,0,NA,NA,NA
"107.107_107294",6,0.333333333333333,0,0.00126742712294043,NA,NA,NA
"107.107_107297",NA,NA,NA,NA,NA,NA,NA
"107.107_107299",NA,NA,NA,NA,NA,NA,NA
"107.107_107302",NA,NA,NA,NA,NA,NA,NA
"107.107_107306",NA,NA,NA,NA,NA,NA,NA
"107.107_107307",NA,NA,NA,NA,NA,NA,NA
"107.107_107308",NA,NA,NA,NA,NA,NA,NA
"107.107_107309",NA,NA,NA,NA,NA,NA,NA
"107.107_107310",6,0,0,0,NA,NA,NA
"107.107_107312",NA,NA,NA,NA,NA,NA,NA
"107.107_107313",NA,NA,NA,NA,NA,NA,NA
"107.107_107316",NA,NA,NA,NA,NA,NA,NA
"107.107_107319",NA,NA,NA,NA,NA,NA,NA
"107.107_107322",5,0,0,0,NA,NA,NA
"107.107_107324",NA,NA,NA,NA,NA,NA,NA
"107.107_107327",NA,NA,NA,NA,NA,NA,NA
"107.107_107330",5,0,0,0,NA,NA,NA
"107.107_107334",NA,NA,NA,NA,NA,NA,NA
"107.107_107336",5,0,0,0,NA,NA,NA
"107.107_107337",NA,NA,NA,NA,NA,NA,NA
"107.107_107338",5,0,0,0,NA,NA,NA
"107.107_107339",NA,NA,NA,NA,NA,NA,NA
"107.107_107344",NA,NA,NA,NA,NA,NA,NA
"107.107_107345",NA,NA,NA,NA,NA,NA,NA
"107.107_107347",NA,NA,NA,NA,NA,NA,NA
"107.107_107349",NA,NA,NA,NA,NA,NA,NA
"107.107_107351",NA,NA,NA,NA,NA,NA,NA
"107.107_107354",NA,NA,NA,NA,NA,NA,NA
"107.107_107358",5,0,0,0,NA,NA,NA
"107.107_107359",NA,NA,NA,NA,NA,NA,NA
"107.107_107361",NA,NA,NA,NA,NA,NA,NA
"107.107_107363",NA,NA,NA,NA,NA,NA,NA
"107.107_107364",NA,NA,NA,NA,NA,NA,NA
"107.107_107367",5,0.2,0.00806451612903225,0,NA,NA,NA
"107.107_107369",NA,NA,NA,NA,NA,NA,NA
"107.107_107375",7,0,0,0,NA,NA,NA
"107.107_107376",NA,NA,NA,NA,NA,NA,NA
"107.107_107378",NA,NA,NA,NA,NA,NA,NA
"107.107_107379",NA,NA,NA,NA,NA,NA,NA
"107.107_107380",NA,NA,NA,NA,NA,NA,NA
"107.107_107381",5,0,0,0,NA,NA,NA
"107.107_107382",5,1,0,0,NA,NA,NA
"107.107_107383",NA,NA,NA,NA,NA,NA,NA
"107.107_107386",5,0,0,0,NA,NA,NA
"107.107_107389",4,0,0.00380228136882129,0,NA,NA,NA
"107.107_107391",6,0,0,0,NA,NA,NA
"107.107_107393",6,0,0,0,NA,NA,NA
"107.107_107394",NA,NA,NA,NA,NA,NA,NA
"107.107_107397",3,0,0,0,NA,NA,NA
"107.107_107401",NA,NA,NA,NA,NA,NA,NA
"107.107_107403",NA,NA,NA,NA,NA,NA,NA
"107.107_107404",NA,NA,NA,NA,NA,NA,NA
"107.107_107405",NA,NA,NA,NA,NA,NA,NA
"107.107_107406",4,0,0,0,NA,NA,NA
"107.107_107407",NA,NA,NA,NA,NA,NA,NA
"107.107_107409",NA,NA,NA,NA,NA,NA,NA
"107.107_107410",NA,NA,NA,NA,NA,NA,NA
"107.107_107411",5,0,0.00403225806451613,0,NA,NA,NA
"107.107_107412",NA,NA,NA,NA,NA,NA,NA
"107.107_107413",NA,NA,NA,NA,NA,NA,NA
"107.107_107415",NA,NA,NA,NA,NA,NA,NA
"107.107_107417",NA,NA,NA,NA,NA,NA,NA
"107.107_107418",NA,NA,NA,NA,NA,NA,NA
"107.107_107421",NA,NA,NA,NA,NA,NA,NA
"107.107_107426",NA,NA,NA,NA,NA,NA,NA
"107.107_107427",NA,NA,NA,NA,NA,NA,NA
"107.107_107434",NA,NA,NA,NA,NA,NA,NA
"107.107_107439",NA,NA,NA,NA,NA,NA,NA
"107.107_107440",7,0,0,0,NA,NA,NA
"107.107_107441",NA,NA,NA,NA,NA,NA,NA
"107.107_107445",NA,NA,NA,NA,NA,NA,NA
"107.107_107448",NA,NA,NA,NA,NA,NA,NA
"107.107_107449",NA,NA,NA,NA,NA,NA,NA
"107.107_107452",NA,NA,NA,NA,NA,NA,NA
"107.107_107454",NA,NA,NA,NA,NA,NA,NA
"107.107_107456",NA,NA,NA,NA,NA,NA,NA
"107.107_107457",NA,NA,NA,NA,NA,NA,NA
"107.107_107458",3,0,0,0,NA,NA,NA
"107.107_107459",NA,NA,NA,NA,NA,NA,NA
"107.107_107461",NA,NA,NA,NA,NA,NA,NA
"107.107_107462",NA,NA,NA,NA,NA,NA,NA
"107.107_107463",6,0.5,0,0.000950570342205323,NA,NA,NA
"107.107_107464",NA,NA,NA,NA,NA,NA,NA
"107.107_107465",NA,NA,NA,NA,NA,NA,NA
"107.107_107466",NA,NA,NA,NA,NA,NA,NA
"107.107_107467",6,0,0.0153846153846154,0,NA,NA,NA
"107.107_107469",3,0,0,0,NA,NA,NA
"107.107_107470",NA,NA,NA,NA,NA,NA,NA
"107.107_107471",NA,NA,NA,NA,NA,NA,NA
"107.107_107472",NA,NA,NA,NA,NA,NA,NA
"107.107_107473",6,1,0,0.00380228136882129,NA,NA,NA
"107.107_107474",6,0,0,0,NA,NA,NA
"107.107_107475",NA,NA,NA,NA,NA,NA,NA
"107.107_107476",NA,NA,NA,NA,NA,NA,NA
"107.107_107477",NA,NA,NA,NA,NA,NA,NA
"107.107_107478",NA,NA,NA,NA,NA,NA,NA
"107.107_107479",NA,NA,NA,NA,NA,NA,NA
"107.107_107480",6,0,0,0,NA,NA,NA
"107.107_107483",NA,NA,NA,NA,NA,NA,NA
"107.107_107484",7,0,0,0,NA,NA,NA
"107.107_107485",5,1,0.00806451612903225,0,NA,NA,NA
"107.107_107486",NA,NA,NA,NA,NA,NA,NA
"107.107_107488",NA,NA,NA,NA,NA,NA,NA
"107.107_107490",NA,NA,NA,NA,NA,NA,NA
"107.107_107491",NA,NA,NA,NA,NA,NA,NA
"107.107_107499",4,0,0,0,NA,NA,NA
"107.107_107501",NA,NA,NA,NA,NA,NA,NA
"107.107_107509",NA,NA,NA,NA,NA,NA,NA
"107.107_107510",NA,NA,NA,NA,NA,NA,NA
"107.107_107520",NA,NA,NA,NA,NA,NA,NA
"107.107_107525",NA,NA,NA,NA,NA,NA,NA
"107.107_107536",NA,NA,NA,NA,NA,NA,NA
"107.107_107541",5,0.333333333333333,0.00806451612903225,0,NA,NA,NA
"107.107_107546",NA,NA,NA,NA,NA,NA,NA
"107.107_107554",3,0,0,0,NA,NA,NA
"107.107_107561",NA,NA,NA,NA,NA,NA,NA
"107.107_107563",NA,NA,NA,NA,NA,NA,NA
"107.107_107569",NA,NA,NA,NA,NA,NA,NA
"107.107_107574",NA,NA,NA,NA,NA,NA,NA
"107.107_107576",NA,NA,NA,NA,NA,NA,NA
"107.107_107583",5,0.333333333333333,0.00806451612903225,0,NA,NA,NA
"112.112_112002",NA,NA,NA,NA,NA,NA,NA
"112.112_112005",3,0,0.0045045045045045,0,NA,NA,NA
"112.112_112006",4,0,0,0,NA,NA,NA
"112.112_112007",NA,NA,NA,NA,NA,NA,NA
"112.112_112008",5,1,0,0,NA,NA,NA
"112.112_112009",NA,NA,NA,NA,NA,NA,NA
"112.112_112018",NA,NA,NA,NA,NA,NA,NA
"112.112_112019",6,0.5,0,0.00126742712294043,NA,NA,NA
"112.112_112021",6,0,0,0,NA,NA,NA
"112.112_112022",NA,NA,NA,NA,NA,NA,NA
"112.112_112026",NA,NA,NA,NA,NA,NA,NA
"112.112_112030",NA,NA,NA,NA,NA,NA,NA
"112.112_112031",7,0,0,0,NA,NA,NA
"112.112_112033",3,0,0,0,NA,NA,NA
"112.112_112035",NA,NA,NA,NA,NA,NA,NA
"112.112_112036",6,0.2,0.0153846153846154,0.00126742712294043,NA,NA,NA
"112.112_112037",NA,NA,NA,NA,NA,NA,NA
"112.112_112040",3,0,0,0,NA,NA,NA
"112.112_112042",5,0.6,0,0,NA,NA,NA
"112.112_112044",NA,NA,NA,NA,NA,NA,NA
"112.112_112046",NA,NA,NA,NA,NA,NA,NA
"112.112_112049",5,0.5,0,0,NA,NA,NA
"112.112_112051",NA,NA,NA,NA,NA,NA,NA
"112.112_112053",3,0.333333333333333,0,0,NA,NA,NA
"112.112_112054",NA,NA,NA,NA,NA,NA,NA
"112.112_112056",NA,NA,NA,NA,NA,NA,NA
"112.112_112060",NA,NA,NA,NA,NA,NA,NA
"112.112_112062",NA,NA,NA,NA,NA,NA,NA
"112.112_112064",NA,NA,NA,NA,NA,NA,NA
"112.112_112067",NA,NA,NA,NA,NA,NA,NA
"112.112_112070",NA,NA,NA,NA,NA,NA,NA
"112.112_112071",NA,NA,NA,NA,NA,NA,NA
"112.112_112073",NA,NA,NA,NA,NA,NA,NA
"112.112_112074",4,0,0,0,NA,NA,NA
"112.112_112075",NA,NA,NA,NA,NA,NA,NA
"112.112_112080",6,0.5,0.0153846153846154,0.00190114068441065,NA,NA,NA
"112.112_112081",NA,NA,NA,NA,NA,NA,NA
"112.112_112082",NA,NA,NA,NA,NA,NA,NA
"112.112_112085",7,0.5,0,0.00268817204301075,NA,NA,NA
"112.112_112086",NA,NA,NA,NA,NA,NA,NA
"112.112_112089",NA,NA,NA,NA,NA,NA,NA
"112.112_112091",NA,NA,NA,NA,NA,NA,NA
"112.112_112093",NA,NA,NA,NA,NA,NA,NA
"112.112_112094",NA,NA,NA,NA,NA,NA,NA
"112.112_112095",NA,NA,NA,NA,NA,NA,NA
"112.112_112097",NA,NA,NA,NA,NA,NA,NA
"112.112_112098",NA,NA,NA,NA,NA,NA,NA
"112.112_112099",5,1,0,0,NA,NA,NA
"112.112_112100",NA,NA,NA,NA,NA,NA,NA
"112.112_112104",5,0,0,0,NA,NA,NA
"112.112_112105",NA,NA,NA,NA,NA,NA,NA
"112.112_112106",8,0.25,0,0,NA,NA,NA
"112.112_112112",NA,NA,NA,NA,NA,NA,NA
"112.112_112113",NA,NA,NA,NA,NA,NA,NA
"112.112_112115",NA,NA,NA,NA,NA,NA,NA
"112.112_112117",NA,NA,NA,NA,NA,NA,NA
"112.112_112118",NA,NA,NA,NA,NA,NA,NA
"112.112_112120",5,0.6,0,0,NA,NA,NA
"112.112_112122",8,0,0,0,NA,NA,NA
"112.112_112123",NA,NA,NA,NA,NA,NA,NA
"112.112_112125",NA,NA,NA,NA,NA,NA,NA
"112.112_112131",5,0,0,0,NA,NA,NA
"112.112_112134",NA,NA,NA,NA,NA,NA,NA
"112.112_112135",3,0,0,0,NA,NA,NA
"112.112_112136",NA,NA,NA,NA,NA,NA,NA
"112.112_112137",NA,NA,NA,NA,NA,NA,NA
"112.112_112138",NA,NA,NA,NA,NA,NA,NA
"112.112_112139",NA,NA,NA,NA,NA,NA,NA
"112.112_112140",NA,NA,NA,NA,NA,NA,NA
"112.112_112143",NA,NA,NA,NA,NA,NA,NA
"112.112_112147",NA,NA,NA,NA,NA,NA,NA
"112.112_112150",NA,NA,NA,NA,NA,NA,NA
"112.112_112152",NA,NA,NA,NA,NA,NA,NA
"112.112_112153",NA,NA,NA,NA,NA,NA,NA
"112.112_112154",3,0.25,0,0,NA,NA,NA
"112.112_112155",NA,NA,NA,NA,NA,NA,NA
"112.112_112158",7,0.2,0,0,NA,NA,NA
"112.112_112159",NA,NA,NA,NA,NA,NA,NA
"112.112_112161",NA,NA,NA,NA,NA,NA,NA
"112.112_112163",NA,NA,NA,NA,NA,NA,NA
"112.112_112164",3,0,0,0,NA,NA,NA
"112.112_112165",NA,NA,NA,NA,NA,NA,NA
"112.112_112168",3,0.25,0,0,NA,NA,NA
"112.112_112172",NA,NA,NA,NA,NA,NA,NA
"112.112_112173",6,0,0,0,NA,NA,NA
"112.112_112178",NA,NA,NA,NA,NA,NA,NA
"112.112_112179",NA,NA,NA,NA,NA,NA,NA
"112.112_112180",NA,NA,NA,NA,NA,NA,NA
"112.112_112182",NA,NA,NA,NA,NA,NA,NA
"112.112_112186",NA,NA,NA,NA,NA,NA,NA
"112.112_112187",5,0.333333333333333,0,0,NA,NA,NA
"112.112_112189",NA,NA,NA,NA,NA,NA,NA
"112.112_112192",NA,NA,NA,NA,NA,NA,NA
"112.112_112194",NA,NA,NA,NA,NA,NA,NA
"112.112_112195",NA,NA,NA,NA,NA,NA,NA
"112.112_112196",NA,NA,NA,NA,NA,NA,NA
"112.112_112197",NA,NA,NA,NA,NA,NA,NA
"112.112_112198",NA,NA,NA,NA,NA,NA,NA
"112.112_112199",NA,NA,NA,NA,NA,NA,NA
"112.112_112203",NA,NA,NA,NA,NA,NA,NA
"112.112_112204",NA,NA,NA,NA,NA,NA,NA
"112.112_112205",NA,NA,NA,NA,NA,NA,NA
"112.112_112206",NA,NA,NA,NA,NA,NA,NA
"112.112_112209",NA,NA,NA,NA,NA,NA,NA
"112.112_112210",NA,NA,NA,NA,NA,NA,NA
"112.112_112211",NA,NA,NA,NA,NA,NA,NA
"112.112_112213",3,0,0,0,NA,NA,NA
"112.112_112215",NA,NA,NA,NA,NA,NA,NA
"112.112_112216",NA,NA,NA,NA,NA,NA,NA
"112.112_112217",NA,NA,NA,NA,NA,NA,NA
"112.112_112219",NA,NA,NA,NA,NA,NA,NA
"112.112_112221",6,0,0,0,NA,NA,NA
"112.112_112223",NA,NA,NA,NA,NA,NA,NA
"112.112_112224",NA,NA,NA,NA,NA,NA,NA
"112.112_112225",5,0.333333333333333,0,0,NA,NA,NA
"112.112_112227",7,0,0.025,0,NA,NA,NA
"112.112_112228",NA,NA,NA,NA,NA,NA,NA
"112.112_112229",NA,NA,NA,NA,NA,NA,NA
"112.112_112230",NA,NA,NA,NA,NA,NA,NA
"112.112_112231",NA,NA,NA,NA,NA,NA,NA
"112.112_112233",NA,NA,NA,NA,NA,NA,NA
"112.112_112234",7,0,0,0,NA,NA,NA
"112.112_112236",3,0.2,0,0,NA,NA,NA
"112.112_112237",NA,NA,NA,NA,NA,NA,NA
"112.112_112239",NA,NA,NA,NA,NA,NA,NA
"112.112_112240",NA,NA,NA,NA,NA,NA,NA
"112.112_112241",NA,NA,NA,NA,NA,NA,NA
"112.112_112243",NA,NA,NA,NA,NA,NA,NA
"112.112_112244",NA,NA,NA,NA,NA,NA,NA
"112.112_112245",NA,NA,NA,NA,NA,NA,NA
"112.112_112247",NA,NA,NA,NA,NA,NA,NA
"112.112_112248",NA,NA,NA,NA,NA,NA,NA
"112.112_112250",NA,NA,NA,NA,NA,NA,NA
"112.112_112251",NA,NA,NA,NA,NA,NA,NA
"112.112_112252",NA,NA,NA,NA,NA,NA,NA
"112.112_112254",NA,NA,NA,NA,NA,NA,NA
"112.112_112255",NA,NA,NA,NA,NA,NA,NA
"112.112_112256",NA,NA,NA,NA,NA,NA,NA
"112.112_112258",4,0,0,0,NA,NA,NA
"112.112_112259",NA,NA,NA,NA,NA,NA,NA
"112.112_112260",NA,NA,NA,NA,NA,NA,NA
"112.112_112261",6,0,0,0,NA,NA,NA
"112.112_112262",NA,NA,NA,NA,NA,NA,NA
"112.112_112264",NA,NA,NA,NA,NA,NA,NA
"112.112_112266",NA,NA,NA,NA,NA,NA,NA
"112.112_112270",NA,NA,NA,NA,NA,NA,NA
"112.112_112271",NA,NA,NA,NA,NA,NA,NA
"112.112_112273",NA,NA,NA,NA,NA,NA,NA
"112.112_112276",3,0,0,0,NA,NA,NA
"112.112_112277",NA,NA,NA,NA,NA,NA,NA
"112.112_112278",NA,NA,NA,NA,NA,NA,NA
"112.112_112280",NA,NA,NA,NA,NA,NA,NA
"112.112_112284",NA,NA,NA,NA,NA,NA,NA
"112.112_112286",3,0,0,0,NA,NA,NA
"112.112_112287",NA,NA,NA,NA,NA,NA,NA
"112.112_112288",NA,NA,NA,NA,NA,NA,NA
"112.112_112289",NA,NA,NA,NA,NA,NA,NA
"112.112_112292",5,0.333333333333333,0,0,NA,NA,NA
"112.112_112294",5,0,0,0,NA,NA,NA
"112.112_112295",NA,NA,NA,NA,NA,NA,NA
"112.112_112296",5,0,0,0,NA,NA,NA
"112.112_112298",NA,NA,NA,NA,NA,NA,NA
"112.112_112300",NA,NA,NA,NA,NA,NA,NA
"112.112_112302",NA,NA,NA,NA,NA,NA,NA
"112.112_112303",NA,NA,NA,NA,NA,NA,NA
"112.112_112305",NA,NA,NA,NA,NA,NA,NA
"112.112_112306",5,0,0,0,NA,NA,NA
"112.112_112308",NA,NA,NA,NA,NA,NA,NA
"112.112_112309",NA,NA,NA,NA,NA,NA,NA
"112.112_112310",5,0,0,0,NA,NA,NA
"112.112_112311",NA,NA,NA,NA,NA,NA,NA
"112.112_112312",NA,NA,NA,NA,NA,NA,NA
"112.112_112313",NA,NA,NA,NA,NA,NA,NA
"112.112_112314",NA,NA,NA,NA,NA,NA,NA
"112.112_112320",8,0.5,0,0.00384615384615385,NA,NA,NA
"112.112_112321",NA,NA,NA,NA,NA,NA,NA
"112.112_112323",NA,NA,NA,NA,NA,NA,NA
"112.112_112328",NA,NA,NA,NA,NA,NA,NA
"112.112_112330",7,0.25,0,0.00201612903225806,NA,NA,NA
"112.112_112332",4,0,0,0,NA,NA,NA
"112.112_112335",NA,NA,NA,NA,NA,NA,NA
"112.112_112336",NA,NA,NA,NA,NA,NA,NA
"112.112_112337",NA,NA,NA,NA,NA,NA,NA
"112.112_112338",NA,NA,NA,NA,NA,NA,NA
"112.112_112339",NA,NA,NA,NA,NA,NA,NA
"112.112_112342",3,0,0,0,NA,NA,NA
"112.112_112345",5,0,0,0,NA,NA,NA
"112.112_112346",4,0,0,0,NA,NA,NA
"112.112_112347",NA,NA,NA,NA,NA,NA,NA
"112.112_112348",5,0,0.00403225806451613,0,NA,NA,NA
"112.112_112350",NA,NA,NA,NA,NA,NA,NA
"112.112_112351",NA,NA,NA,NA,NA,NA,NA
"112.112_112352",NA,NA,NA,NA,NA,NA,NA
"112.112_112357",NA,NA,NA,NA,NA,NA,NA
"112.112_112358",3,0,0,0,NA,NA,NA
"112.112_112360",NA,NA,NA,NA,NA,NA,NA
"112.112_112363",NA,NA,NA,NA,NA,NA,NA
"112.112_112364",3,0.25,0,0,NA,NA,NA
"112.112_112365",5,0,0,0,NA,NA,NA
"112.112_112366",NA,NA,NA,NA,NA,NA,NA
"112.112_112367",NA,NA,NA,NA,NA,NA,NA
"112.112_112368",NA,NA,NA,NA,NA,NA,NA
"112.112_112370",4,0.333333333333333,0,0.00279329608938547,NA,NA,NA
"112.112_112371",NA,NA,NA,NA,NA,NA,NA
"112.112_112372",NA,NA,NA,NA,NA,NA,NA
"112.112_112373",NA,NA,NA,NA,NA,NA,NA
"112.112_112374",NA,NA,NA,NA,NA,NA,NA
"112.112_112376",NA,NA,NA,NA,NA,NA,NA
"112.112_112379",NA,NA,NA,NA,NA,NA,NA
"112.112_112380",NA,NA,NA,NA,NA,NA,NA
"112.112_112381",NA,NA,NA,NA,NA,NA,NA
"112.112_112382",NA,NA,NA,NA,NA,NA,NA
"112.112_112383",NA,NA,NA,NA,NA,NA,NA
"112.112_112386",5,0.142857142857143,0,0,NA,NA,NA
"112.112_112387",NA,NA,NA,NA,NA,NA,NA
"112.112_112388",NA,NA,NA,NA,NA,NA,NA
"112.112_112389",NA,NA,NA,NA,NA,NA,NA
"112.112_112390",NA,NA,NA,NA,NA,NA,NA
"112.112_112392",NA,NA,NA,NA,NA,NA,NA
"112.112_112394",NA,NA,NA,NA,NA,NA,NA
"112.112_112395",NA,NA,NA,NA,NA,NA,NA
"112.112_112397",5,0.285714285714286,0.00806451612903225,0,NA,NA,NA
"112.112_112400",NA,NA,NA,NA,NA,NA,NA
"112.112_112401",NA,NA,NA,NA,NA,NA,NA
"112.112_112402",NA,NA,NA,NA,NA,NA,NA
"112.112_112404",NA,NA,NA,NA,NA,NA,NA
"112.112_112405",NA,NA,NA,NA,NA,NA,NA
"112.112_112406",NA,NA,NA,NA,NA,NA,NA
"112.112_112407",NA,NA,NA,NA,NA,NA,NA
"112.112_112409",NA,NA,NA,NA,NA,NA,NA
"112.112_112412",NA,NA,NA,NA,NA,NA,NA
"112.112_112413",NA,NA,NA,NA,NA,NA,NA
"112.112_112417",NA,NA,NA,NA,NA,NA,NA
"112.112_112418",NA,NA,NA,NA,NA,NA,NA
"112.112_112419",NA,NA,NA,NA,NA,NA,NA
"112.112_112420",NA,NA,NA,NA,NA,NA,NA
"112.112_112421",8,0,0,0,NA,NA,NA
"112.112_112424",NA,NA,NA,NA,NA,NA,NA
"112.112_112426",NA,NA,NA,NA,NA,NA,NA
"112.112_112427",NA,NA,NA,NA,NA,NA,NA
"112.112_112428",NA,NA,NA,NA,NA,NA,NA
"112.112_112429",NA,NA,NA,NA,NA,NA,NA
"112.112_112430",NA,NA,NA,NA,NA,NA,NA
"112.112_112431",NA,NA,NA,NA,NA,NA,NA
"112.112_112434",NA,NA,NA,NA,NA,NA,NA
"112.112_112440",NA,NA,NA,NA,NA,NA,NA
"112.112_112441",NA,NA,NA,NA,NA,NA,NA
"112.112_112442",NA,NA,NA,NA,NA,NA,NA
"112.112_112443",NA,NA,NA,NA,NA,NA,NA
"112.112_112444",NA,NA,NA,NA,NA,NA,NA
"112.112_112445",4,0,0,0,NA,NA,NA
"112.112_112447",7,0.5,0,0.00268817204301075,NA,NA,NA
"112.112_112449",NA,NA,NA,NA,NA,NA,NA
"112.112_112450",NA,NA,NA,NA,NA,NA,NA
"112.112_112451",NA,NA,NA,NA,NA,NA,NA
"112.112_112452",7,0,0,0,NA,NA,NA
"112.112_112453",8,0,0,0,NA,NA,NA
"112.112_112454",NA,NA,NA,NA,NA,NA,NA
"112.112_112455",NA,NA,NA,NA,NA,NA,NA
"112.112_112457",NA,NA,NA,NA,NA,NA,NA
"112.112_112458",NA,NA,NA,NA,NA,NA,NA
"112.112_112460",NA,NA,NA,NA,NA,NA,NA
"112.112_112461",NA,NA,NA,NA,NA,NA,NA
"112.112_112462",NA,NA,NA,NA,NA,NA,NA
"112.112_112467",NA,NA,NA,NA,NA,NA,NA
"112.112_112468",NA,NA,NA,NA,NA,NA,NA
"112.112_112471",5,0,0,0,NA,NA,NA
"112.112_112472",NA,NA,NA,NA,NA,NA,NA
"112.112_112474",NA,NA,NA,NA,NA,NA,NA
"112.112_112475",NA,NA,NA,NA,NA,NA,NA
"112.112_112476",NA,NA,NA,NA,NA,NA,NA
"112.112_112477",8,0,0,0,NA,NA,NA
"112.112_112479",NA,NA,NA,NA,NA,NA,NA
"112.112_112480",5,0,0,0,NA,NA,NA
"112.112_112481",5,0,0,0,NA,NA,NA
"112.112_112485",NA,NA,NA,NA,NA,NA,NA
"112.112_112487",5,0.333333333333333,0.00403225806451613,0,NA,NA,NA
"112.112_112488",5,0.5,0,0,NA,NA,NA
"112.112_112489",NA,NA,NA,NA,NA,NA,NA
"112.112_112492",NA,NA,NA,NA,NA,NA,NA
"112.112_112493",NA,NA,NA,NA,NA,NA,NA
"112.112_112495",NA,NA,NA,NA,NA,NA,NA
"112.112_112496",NA,NA,NA,NA,NA,NA,NA
"112.112_112497",3,0.142857142857143,0,0,NA,NA,NA
"112.112_112498",7,0.5,0,0.00201612903225806,NA,NA,NA
"112.112_112499",NA,NA,NA,NA,NA,NA,NA
"112.112_112502",NA,NA,NA,NA,NA,NA,NA
"112.112_112503",NA,NA,NA,NA,NA,NA,NA
"112.112_112505",NA,NA,NA,NA,NA,NA,NA
"112.112_112507",NA,NA,NA,NA,NA,NA,NA
"112.112_112508",NA,NA,NA,NA,NA,NA,NA
"112.112_112509",NA,NA,NA,NA,NA,NA,NA
"112.112_112510",NA,NA,NA,NA,NA,NA,NA
"112.112_112511",NA,NA,NA,NA,NA,NA,NA
"112.112_112512",NA,NA,NA,NA,NA,NA,NA
"112.112_112514",NA,NA,NA,NA,NA,NA,NA
"112.112_112515",NA,NA,NA,NA,NA,NA,NA
"112.112_112518",NA,NA,NA,NA,NA,NA,NA
"112.112_112519",NA,NA,NA,NA,NA,NA,NA
"112.112_112520",NA,NA,NA,NA,NA,NA,NA
"112.112_112521",NA,NA,NA,NA,NA,NA,NA
"112.112_112522",3,0,0,0,NA,NA,NA
"112.112_112524",NA,NA,NA,NA,NA,NA,NA
"112.112_112525",5,0.333333333333333,0.00806451612903225,0,NA,NA,NA
"112.112_112526",NA,NA,NA,NA,NA,NA,NA
"112.112_112527",NA,NA,NA,NA,NA,NA,NA
"112.112_112531",NA,NA,NA,NA,NA,NA,NA
"112.112_112534",NA,NA,NA,NA,NA,NA,NA
"112.112_112535",NA,NA,NA,NA,NA,NA,NA
"112.112_112536",NA,NA,NA,NA,NA,NA,NA
"112.112_112545",NA,NA,NA,NA,NA,NA,NA
"112.112_112546",NA,NA,NA,NA,NA,NA,NA
"112.112_112548",NA,NA,NA,NA,NA,NA,NA
"112.112_112549",NA,NA,NA,NA,NA,NA,NA
"112.112_112550",NA,NA,NA,NA,NA,NA,NA
"112.112_112551",7,0,0,0,NA,NA,NA
"112.112_112553",7,1,0,0,NA,NA,NA
"112.112_112555",NA,NA,NA,NA,NA,NA,NA
"112.112_112556",NA,NA,NA,NA,NA,NA,NA
"112.112_112557",NA,NA,NA,NA,NA,NA,NA
"112.112_112558",NA,NA,NA,NA,NA,NA,NA
"112.112_112560",5,0,0,0,NA,NA,NA
"112.112_112564",8,1,0,0,NA,NA,NA
"112.112_112566",NA,NA,NA,NA,NA,NA,NA
"112.112_112568",NA,NA,NA,NA,NA,NA,NA
"112.112_112572",NA,NA,NA,NA,NA,NA,NA
"112.112_112579",NA,NA,NA,NA,NA,NA,NA
"112.112_112581",7,0.333333333333333,0,0,NA,NA,NA
"112.112_112583",3,0,0,0,NA,NA,NA
"112.112_112585",NA,NA,NA,NA,NA,NA,NA
"112.112_112586",NA,NA,NA,NA,NA,NA,NA
"112.112_112587",NA,NA,NA,NA,NA,NA,NA
"112.112_113573",NA,NA,NA,NA,NA,NA,NA
"113.113_112126",NA,NA,NA,NA,NA,NA,NA
"113.113_112515",NA,NA,NA,NA,NA,NA,NA
"113.113_113003",NA,NA,NA,NA,NA,NA,NA
"113.113_113004",7,0.25,0,0,NA,NA,NA
"113.113_113007",NA,NA,NA,NA,NA,NA,NA
"113.113_113009",NA,NA,NA,NA,NA,NA,NA
"113.113_113011",NA,NA,NA,NA,NA,NA,NA
"113.113_113012",NA,NA,NA,NA,NA,NA,NA
"113.113_113013",NA,NA,NA,NA,NA,NA,NA
"113.113_113014",5,0.25,0,0,NA,NA,NA
"113.113_113016",NA,NA,NA,NA,NA,NA,NA
"113.113_113017",8,0,0,0,NA,NA,NA
"113.113_113018",NA,NA,NA,NA,NA,NA,NA
"113.113_113019",NA,NA,NA,NA,NA,NA,NA
"113.113_113020",NA,NA,NA,NA,NA,NA,NA
"113.113_113022",NA,NA,NA,NA,NA,NA,NA
"113.113_113024",NA,NA,NA,NA,NA,NA,NA
"113.113_113025",5,0.2,0.00806451612903225,0,NA,NA,NA
"113.113_113026",4,0,0,0,NA,NA,NA
"113.113_113029",NA,NA,NA,NA,NA,NA,NA
"113.113_113032",5,0.8,0,0,NA,NA,NA
"113.113_113033",NA,NA,NA,NA,NA,NA,NA
"113.113_113034",6,0.25,0,0.000950570342205323,NA,NA,NA
"113.113_113035",4,0,0,0,NA,NA,NA
"113.113_113039",NA,NA,NA,NA,NA,NA,NA
"113.113_113040",NA,NA,NA,NA,NA,NA,NA
"113.113_113042",NA,NA,NA,NA,NA,NA,NA
"113.113_113043",NA,NA,NA,NA,NA,NA,NA
"113.113_113044",NA,NA,NA,NA,NA,NA,NA
"113.113_113045",NA,NA,NA,NA,NA,NA,NA
"113.113_113046",NA,NA,NA,NA,NA,NA,NA
"113.113_113047",NA,NA,NA,NA,NA,NA,NA
"113.113_113052",NA,NA,NA,NA,NA,NA,NA
"113.113_113056",NA,NA,NA,NA,NA,NA,NA
"113.113_113057",NA,NA,NA,NA,NA,NA,NA
"113.113_113058",NA,NA,NA,NA,NA,NA,NA
"113.113_113059",NA,NA,NA,NA,NA,NA,NA
"113.113_113061",NA,NA,NA,NA,NA,NA,NA
"113.113_113062",NA,NA,NA,NA,NA,NA,NA
"113.113_113064",NA,NA,NA,NA,NA,NA,NA
"113.113_113066",NA,NA,NA,NA,NA,NA,NA
"113.113_113067",NA,NA,NA,NA,NA,NA,NA
"113.113_113068",NA,NA,NA,NA,NA,NA,NA
"113.113_113070",NA,NA,NA,NA,NA,NA,NA
"113.113_113071",NA,NA,NA,NA,NA,NA,NA
"113.113_113073",NA,NA,NA,NA,NA,NA,NA
"113.113_113075",NA,NA,NA,NA,NA,NA,NA
"113.113_113076",NA,NA,NA,NA,NA,NA,NA
"113.113_113078",NA,NA,NA,NA,NA,NA,NA
"113.113_113080",NA,NA,NA,NA,NA,NA,NA
"113.113_113081",NA,NA,NA,NA,NA,NA,NA
"113.113_113082",5,0,0.00403225806451613,0,NA,NA,NA
"113.113_113083",NA,NA,NA,NA,NA,NA,NA
"113.113_113084",NA,NA,NA,NA,NA,NA,NA
"113.113_113085",NA,NA,NA,NA,NA,NA,NA
"113.113_113087",NA,NA,NA,NA,NA,NA,NA
"113.113_113089",NA,NA,NA,NA,NA,NA,NA
"113.113_113091",NA,NA,NA,NA,NA,NA,NA
"113.113_113092",NA,NA,NA,NA,NA,NA,NA
"113.113_113093",5,0.333333333333333,0,0,NA,NA,NA
"113.113_113097",NA,NA,NA,NA,NA,NA,NA
"113.113_113098",NA,NA,NA,NA,NA,NA,NA
"113.113_113099",NA,NA,NA,NA,NA,NA,NA
"113.113_113100",NA,NA,NA,NA,NA,NA,NA
"113.113_113101",NA,NA,NA,NA,NA,NA,NA
"113.113_113102",NA,NA,NA,NA,NA,NA,NA
"113.113_113103",NA,NA,NA,NA,NA,NA,NA
"113.113_113106",4,0,0.00380228136882129,0,NA,NA,NA
"113.113_113109",NA,NA,NA,NA,NA,NA,NA
"113.113_113110",6,0,0,0,NA,NA,NA
"113.113_113111",NA,NA,NA,NA,NA,NA,NA
"113.113_113113",NA,NA,NA,NA,NA,NA,NA
"113.113_113114",NA,NA,NA,NA,NA,NA,NA
"113.113_113116",NA,NA,NA,NA,NA,NA,NA
"113.113_113117",NA,NA,NA,NA,NA,NA,NA
"113.113_113119",NA,NA,NA,NA,NA,NA,NA
"113.113_113123",6,1,0,0.00380228136882129,NA,NA,NA
"113.113_113124",6,0.666666666666667,0,0.00126742712294043,NA,NA,NA
"113.113_113125",NA,NA,NA,NA,NA,NA,NA
"113.113_113127",NA,NA,NA,NA,NA,NA,NA
"113.113_113129",NA,NA,NA,NA,NA,NA,NA
"113.113_113130",NA,NA,NA,NA,NA,NA,NA
"113.113_113131",5,0.5,0,0,NA,NA,NA
"113.113_113132",NA,NA,NA,NA,NA,NA,NA
"113.113_113133",NA,NA,NA,NA,NA,NA,NA
"113.113_113137",NA,NA,NA,NA,NA,NA,NA
"113.113_113140",3,0,0,0,NA,NA,NA
"113.113_113143",3,0,0,0,NA,NA,NA
"113.113_113145",NA,NA,NA,NA,NA,NA,NA
"113.113_113146",NA,NA,NA,NA,NA,NA,NA
"113.113_113147",NA,NA,NA,NA,NA,NA,NA
"113.113_113148",NA,NA,NA,NA,NA,NA,NA
"113.113_113149",NA,NA,NA,NA,NA,NA,NA
"113.113_113150",6,0,0.0153846153846154,0,NA,NA,NA
"113.113_113151",NA,NA,NA,NA,NA,NA,NA
"113.113_113152",NA,NA,NA,NA,NA,NA,NA
"113.113_113154",NA,NA,NA,NA,NA,NA,NA
"113.113_113156",NA,NA,NA,NA,NA,NA,NA
"113.113_113157",7,0,0,0,NA,NA,NA
"113.113_113158",NA,NA,NA,NA,NA,NA,NA
"113.113_113161",NA,NA,NA,NA,NA,NA,NA
"113.113_113162",NA,NA,NA,NA,NA,NA,NA
"113.113_113166",NA,NA,NA,NA,NA,NA,NA
"113.113_113167",NA,NA,NA,NA,NA,NA,NA
"113.113_113170",NA,NA,NA,NA,NA,NA,NA
"113.113_113171",NA,NA,NA,NA,NA,NA,NA
"113.113_113172",NA,NA,NA,NA,NA,NA,NA
"113.113_113175",NA,NA,NA,NA,NA,NA,NA
"113.113_113177",4,0,0,0,NA,NA,NA
"113.113_113178",NA,NA,NA,NA,NA,NA,NA
"113.113_113184",NA,NA,NA,NA,NA,NA,NA
"113.113_113185",5,0,0.00806451612903225,0,NA,NA,NA
"113.113_113187",NA,NA,NA,NA,NA,NA,NA
"113.113_113188",NA,NA,NA,NA,NA,NA,NA
"113.113_113193",NA,NA,NA,NA,NA,NA,NA
"113.113_113194",NA,NA,NA,NA,NA,NA,NA
"113.113_113196",NA,NA,NA,NA,NA,NA,NA
"113.113_113197",NA,NA,NA,NA,NA,NA,NA
"113.113_113199",NA,NA,NA,NA,NA,NA,NA
"113.113_113201",7,0,0,0,NA,NA,NA
"113.113_113202",NA,NA,NA,NA,NA,NA,NA
"113.113_113203",NA,NA,NA,NA,NA,NA,NA
"113.113_113205",6,0,0,0,NA,NA,NA
"113.113_113210",NA,NA,NA,NA,NA,NA,NA
"113.113_113211",6,0,0,0,NA,NA,NA
"113.113_113212",NA,NA,NA,NA,NA,NA,NA
"113.113_113213",NA,NA,NA,NA,NA,NA,NA
"113.113_113214",NA,NA,NA,NA,NA,NA,NA
"113.113_113215",NA,NA,NA,NA,NA,NA,NA
"113.113_113217",NA,NA,NA,NA,NA,NA,NA
"113.113_113218",NA,NA,NA,NA,NA,NA,NA
"113.113_113219",NA,NA,NA,NA,NA,NA,NA
"113.113_113221",8,0.5,0,0,NA,NA,NA
"113.113_113222",NA,NA,NA,NA,NA,NA,NA
"113.113_113223",NA,NA,NA,NA,NA,NA,NA
"113.113_113225",NA,NA,NA,NA,NA,NA,NA
"113.113_113226",NA,NA,NA,NA,NA,NA,NA
"113.113_113227",NA,NA,NA,NA,NA,NA,NA
"113.113_113230",5,0.285714285714286,0.00806451612903225,0,NA,NA,NA
"113.113_113233",NA,NA,NA,NA,NA,NA,NA
"113.113_113234",NA,NA,NA,NA,NA,NA,NA
"113.113_113235",NA,NA,NA,NA,NA,NA,NA
"113.113_113236",NA,NA,NA,NA,NA,NA,NA
"113.113_113238",NA,NA,NA,NA,NA,NA,NA
"113.113_113242",NA,NA,NA,NA,NA,NA,NA
"113.113_113244",NA,NA,NA,NA,NA,NA,NA
"113.113_113247",NA,NA,NA,NA,NA,NA,NA
"113.113_113249",NA,NA,NA,NA,NA,NA,NA
"113.113_113250",NA,NA,NA,NA,NA,NA,NA
"113.113_113251",NA,NA,NA,NA,NA,NA,NA
"113.113_113252",NA,NA,NA,NA,NA,NA,NA
"113.113_113256",NA,NA,NA,NA,NA,NA,NA
"113.113_113257",NA,NA,NA,NA,NA,NA,NA
"113.113_113258",NA,NA,NA,NA,NA,NA,NA
"113.113_113259",NA,NA,NA,NA,NA,NA,NA
"113.113_113260",NA,NA,NA,NA,NA,NA,NA
"113.113_113263",NA,NA,NA,NA,NA,NA,NA
"113.113_113269",NA,NA,NA,NA,NA,NA,NA
"113.113_113271",NA,NA,NA,NA,NA,NA,NA
"113.113_113272",NA,NA,NA,NA,NA,NA,NA
"113.113_113274",NA,NA,NA,NA,NA,NA,NA
"113.113_113281",5,0.166666666666667,0.00806451612903225,0.0018018018018018,NA,NA,NA
"113.113_113283",NA,NA,NA,NA,NA,NA,NA
"113.113_113284",NA,NA,NA,NA,NA,NA,NA
"113.113_113286",NA,NA,NA,NA,NA,NA,NA
"113.113_113287",NA,NA,NA,NA,NA,NA,NA
"113.113_113289",NA,NA,NA,NA,NA,NA,NA
"113.113_113292",NA,NA,NA,NA,NA,NA,NA
"113.113_113293",NA,NA,NA,NA,NA,NA,NA
"113.113_113295",NA,NA,NA,NA,NA,NA,NA
"113.113_113296",NA,NA,NA,NA,NA,NA,NA
"113.113_113298",NA,NA,NA,NA,NA,NA,NA
"113.113_113301",7,1,0,0.00806451612903225,NA,NA,NA
"113.113_113307",NA,NA,NA,NA,NA,NA,NA
"113.113_113308",NA,NA,NA,NA,NA,NA,NA
"113.113_113311",NA,NA,NA,NA,NA,NA,NA
"113.113_113313",NA,NA,NA,NA,NA,NA,NA
"113.113_113314",NA,NA,NA,NA,NA,NA,NA
"113.113_113317",NA,NA,NA,NA,NA,NA,NA
"113.113_113318",NA,NA,NA,NA,NA,NA,NA
"113.113_113319",6,0,0,0,NA,NA,NA
"113.113_113321",NA,NA,NA,NA,NA,NA,NA
"113.113_113323",NA,NA,NA,NA,NA,NA,NA
"113.113_113324",NA,NA,NA,NA,NA,NA,NA
"113.113_113326",6,0.333333333333333,0,0.00126742712294043,NA,NA,NA
"113.113_113327",NA,NA,NA,NA,NA,NA,NA
"113.113_113328",NA,NA,NA,NA,NA,NA,NA
"113.113_113330",NA,NA,NA,NA,NA,NA,NA
"113.113_113331",NA,NA,NA,NA,NA,NA,NA
"113.113_113336",NA,NA,NA,NA,NA,NA,NA
"113.113_113338",NA,NA,NA,NA,NA,NA,NA
"113.113_113340",NA,NA,NA,NA,NA,NA,NA
"113.113_113343",5,0.75,0.00806451612903225,0,NA,NA,NA
"113.113_113347",NA,NA,NA,NA,NA,NA,NA
"113.113_113348",NA,NA,NA,NA,NA,NA,NA
"113.113_113354",NA,NA,NA,NA,NA,NA,NA
"113.113_113355",NA,NA,NA,NA,NA,NA,NA
"113.113_113356",NA,NA,NA,NA,NA,NA,NA
"113.113_113357",NA,NA,NA,NA,NA,NA,NA
"113.113_113361",NA,NA,NA,NA,NA,NA,NA
"113.113_113364",NA,NA,NA,NA,NA,NA,NA
"113.113_113365",NA,NA,NA,NA,NA,NA,NA
"113.113_113367",NA,NA,NA,NA,NA,NA,NA
"113.113_113368",NA,NA,NA,NA,NA,NA,NA
"113.113_113369",NA,NA,NA,NA,NA,NA,NA
"113.113_113370",NA,NA,NA,NA,NA,NA,NA
"113.113_113371",NA,NA,NA,NA,NA,NA,NA
"113.113_113373",NA,NA,NA,NA,NA,NA,NA
"113.113_113375",NA,NA,NA,NA,NA,NA,NA
"113.113_113376",NA,NA,NA,NA,NA,NA,NA
"113.113_113377",7,0,0,0,NA,NA,NA
"113.113_113379",NA,NA,NA,NA,NA,NA,NA
"113.113_113386",NA,NA,NA,NA,NA,NA,NA
"113.113_113387",NA,NA,NA,NA,NA,NA,NA
"113.113_113388",NA,NA,NA,NA,NA,NA,NA
"113.113_113390",NA,NA,NA,NA,NA,NA,NA
"113.113_113394",NA,NA,NA,NA,NA,NA,NA
"113.113_113395",NA,NA,NA,NA,NA,NA,NA
"113.113_113396",NA,NA,NA,NA,NA,NA,NA
"113.113_113401",NA,NA,NA,NA,NA,NA,NA
"113.113_113402",7,0.5,0,0,NA,NA,NA
"113.113_113403",NA,NA,NA,NA,NA,NA,NA
"113.113_113406",NA,NA,NA,NA,NA,NA,NA
"113.113_113410",NA,NA,NA,NA,NA,NA,NA
"113.113_113411",NA,NA,NA,NA,NA,NA,NA
"113.113_113412",NA,NA,NA,NA,NA,NA,NA
"113.113_113414",5,0.666666666666667,0,0,NA,NA,NA
"113.113_113415",NA,NA,NA,NA,NA,NA,NA
"113.113_113417",NA,NA,NA,NA,NA,NA,NA
"113.113_113418",5,0,0,0,NA,NA,NA
"113.113_113421",NA,NA,NA,NA,NA,NA,NA
"113.113_113424",6,0,0,0,NA,NA,NA
"113.113_113425",3,0,0,0,NA,NA,NA
"113.113_113427",NA,NA,NA,NA,NA,NA,NA
"113.113_113428",NA,NA,NA,NA,NA,NA,NA
"113.113_113431",NA,NA,NA,NA,NA,NA,NA
"113.113_113432",NA,NA,NA,NA,NA,NA,NA
"113.113_113433",6,0.25,0,0.000950570342205323,NA,NA,NA
"113.113_113434",NA,NA,NA,NA,NA,NA,NA
"113.113_113435",6,0.25,0,0,NA,NA,NA
"113.113_113436",NA,NA,NA,NA,NA,NA,NA
"113.113_113437",NA,NA,NA,NA,NA,NA,NA
"113.113_113440",NA,NA,NA,NA,NA,NA,NA
"113.113_113443",NA,NA,NA,NA,NA,NA,NA
"113.113_113444",NA,NA,NA,NA,NA,NA,NA
"113.113_113445",NA,NA,NA,NA,NA,NA,NA
"113.113_113447",NA,NA,NA,NA,NA,NA,NA
"113.113_113448",NA,NA,NA,NA,NA,NA,NA
"113.113_113449",NA,NA,NA,NA,NA,NA,NA
"113.113_113450",NA,NA,NA,NA,NA,NA,NA
"113.113_113455",7,0,0,0,NA,NA,NA
"113.113_113456",NA,NA,NA,NA,NA,NA,NA
"113.113_113457",NA,NA,NA,NA,NA,NA,NA
"113.113_113459",NA,NA,NA,NA,NA,NA,NA
"113.113_113460",NA,NA,NA,NA,NA,NA,NA
"113.113_113461",4,0,0.00253485424588086,0,NA,NA,NA
"113.113_113463",NA,NA,NA,NA,NA,NA,NA
"113.113_113465",NA,NA,NA,NA,NA,NA,NA
"113.113_113467",NA,NA,NA,NA,NA,NA,NA
"113.113_113468",5,0.5,0,0.003003003003003,NA,NA,NA
"113.113_113469",5,0.166666666666667,0,0,NA,NA,NA
"113.113_113471",NA,NA,NA,NA,NA,NA,NA
"113.113_113472",NA,NA,NA,NA,NA,NA,NA
"113.113_113474",NA,NA,NA,NA,NA,NA,NA
"113.113_113475",NA,NA,NA,NA,NA,NA,NA
"113.113_113476",NA,NA,NA,NA,NA,NA,NA
"113.113_113478",NA,NA,NA,NA,NA,NA,NA
"113.113_113479",6,0.25,0,0,NA,NA,NA
"113.113_113481",NA,NA,NA,NA,NA,NA,NA
"113.113_113485",NA,NA,NA,NA,NA,NA,NA
"113.113_113490",NA,NA,NA,NA,NA,NA,NA
"113.113_113491",NA,NA,NA,NA,NA,NA,NA
"113.113_113492",NA,NA,NA,NA,NA,NA,NA
"113.113_113493",5,0,0,0,NA,NA,NA
"113.113_113499",NA,NA,NA,NA,NA,NA,NA
"113.113_113500",NA,NA,NA,NA,NA,NA,NA
"113.113_113501",NA,NA,NA,NA,NA,NA,NA
"113.113_113502",NA,NA,NA,NA,NA,NA,NA
"113.113_113504",NA,NA,NA,NA,NA,NA,NA
"113.113_113506",NA,NA,NA,NA,NA,NA,NA
"113.113_113507",6,0.5,0,0,NA,NA,NA
"113.113_113509",NA,NA,NA,NA,NA,NA,NA
"113.113_113512",6,0.25,0,0.000950570342205323,NA,NA,NA
"113.113_113516",5,0.166666666666667,0,0.0015015015015015,NA,NA,NA
"113.113_113517",NA,NA,NA,NA,NA,NA,NA
"113.113_113518",NA,NA,NA,NA,NA,NA,NA
"113.113_113519",NA,NA,NA,NA,NA,NA,NA
"113.113_113520",NA,NA,NA,NA,NA,NA,NA
"113.113_113524",NA,NA,NA,NA,NA,NA,NA
"113.113_113527",NA,NA,NA,NA,NA,NA,NA
"113.113_113528",NA,NA,NA,NA,NA,NA,NA
"113.113_113530",NA,NA,NA,NA,NA,NA,NA
"113.113_113531",5,0,0.00806451612903225,0,NA,NA,NA
"113.113_113533",NA,NA,NA,NA,NA,NA,NA
"113.113_113534",NA,NA,NA,NA,NA,NA,NA
"113.113_113537",NA,NA,NA,NA,NA,NA,NA
"113.113_113538",NA,NA,NA,NA,NA,NA,NA
"113.113_113539",NA,NA,NA,NA,NA,NA,NA
"113.113_113540",NA,NA,NA,NA,NA,NA,NA
"113.113_113543",NA,NA,NA,NA,NA,NA,NA
"113.113_113544",NA,NA,NA,NA,NA,NA,NA
"113.113_113550",NA,NA,NA,NA,NA,NA,NA
"113.113_113552",NA,NA,NA,NA,NA,NA,NA
"113.113_113553",NA,NA,NA,NA,NA,NA,NA
"113.113_113554",NA,NA,NA,NA,NA,NA,NA
"113.113_113557",NA,NA,NA,NA,NA,NA,NA
"113.113_113558",5,0,0,0,NA,NA,NA
"113.113_113559",NA,NA,NA,NA,NA,NA,NA
"113.113_113560",NA,NA,NA,NA,NA,NA,NA
"113.113_113565",NA,NA,NA,NA,NA,NA,NA
"113.113_113568",NA,NA,NA,NA,NA,NA,NA
"113.113_113569",NA,NA,NA,NA,NA,NA,NA
"113.113_113570",6,0.666666666666667,0,0.00190114068441065,NA,NA,NA
"113.113_113572",NA,NA,NA,NA,NA,NA,NA
"113.113_113574",7,0,0,0,NA,NA,NA
"113.113_113575",NA,NA,NA,NA,NA,NA,NA
"113.113_113577",NA,NA,NA,NA,NA,NA,NA
"113.113_113579",NA,NA,NA,NA,NA,NA,NA
"113.113_113580",NA,NA,NA,NA,NA,NA,NA
"113.113_113581",NA,NA,NA,NA,NA,NA,NA
"113.113_113585",5,0.4,0.00806451612903225,0.00225225225225225,NA,NA,NA
"113.113_113587",NA,NA,NA,NA,NA,NA,NA
"113.113_113588",NA,NA,NA,NA,NA,NA,NA
"113.113_113589",8,0,0,0,NA,NA,NA
"113.113_113592",NA,NA,NA,NA,NA,NA,NA
"113.113_113593",NA,NA,NA,NA,NA,NA,NA
"113.113_113594",NA,NA,NA,NA,NA,NA,NA
"113.113_113596",NA,NA,NA,NA,NA,NA,NA
"113.113_113597",NA,NA,NA,NA,NA,NA,NA
"113.113_113600",NA,NA,NA,NA,NA,NA,NA
"113.113_113601",NA,NA,NA,NA,NA,NA,NA
"113.113_113602",NA,NA,NA,NA,NA,NA,NA
"113.113_113603",NA,NA,NA,NA,NA,NA,NA
"113.113_113605",NA,NA,NA,NA,NA,NA,NA
"113.113_113606",6,0.5,0,0.00190114068441065,NA,NA,NA
"113.113_113607",NA,NA,NA,NA,NA,NA,NA
"113.113_113608",NA,NA,NA,NA,NA,NA,NA
"113.113_113609",NA,NA,NA,NA,NA,NA,NA
"113.113_113610",NA,NA,NA,NA,NA,NA,NA
"113.113_113611",4,0,0.00380228136882129,0,NA,NA,NA
"113.113_113613",NA,NA,NA,NA,NA,NA,NA
"113.113_113614",NA,NA,NA,NA,NA,NA,NA
"113.113_113615",NA,NA,NA,NA,NA,NA,NA
"113.113_113619",NA,NA,NA,NA,NA,NA,NA
"113.113_113623",NA,NA,NA,NA,NA,NA,NA
"113.113_113625",NA,NA,NA,NA,NA,NA,NA
"113.113_113629",NA,NA,NA,NA,NA,NA,NA
"113.113_113630",NA,NA,NA,NA,NA,NA,NA
"113.113_113631",NA,NA,NA,NA,NA,NA,NA
"113.113_113632",NA,NA,NA,NA,NA,NA,NA
"113.113_113633",4,0,0,0,NA,NA,NA
"113.113_113634",NA,NA,NA,NA,NA,NA,NA
"113.113_113635",NA,NA,NA,NA,NA,NA,NA
"113.113_113636",NA,NA,NA,NA,NA,NA,NA
"113.113_113637",NA,NA,NA,NA,NA,NA,NA
"113.113_113638",5,0,0,0,NA,NA,NA
"113.113_113639",NA,NA,NA,NA,NA,NA,NA
"113.113_113641",6,0,0,0,NA,NA,NA
"113.113_113642",NA,NA,NA,NA,NA,NA,NA
"113.113_113645",NA,NA,NA,NA,NA,NA,NA
"113.113_113647",NA,NA,NA,NA,NA,NA,NA
"113.113_113648",NA,NA,NA,NA,NA,NA,NA
"113.113_113652",5,0,0,0,NA,NA,NA
"113.113_113655",NA,NA,NA,NA,NA,NA,NA
"113.113_113657",4,0,0,0,NA,NA,NA
"113.113_113658",NA,NA,NA,NA,NA,NA,NA
"113.113_113660",NA,NA,NA,NA,NA,NA,NA
"113.113_113661",NA,NA,NA,NA,NA,NA,NA
"113.113_113662",NA,NA,NA,NA,NA,NA,NA
"113.113_113671",NA,NA,NA,NA,NA,NA,NA
"113.113_113672",NA,NA,NA,NA,NA,NA,NA
"114.114_114001",NA,NA,NA,NA,NA,NA,NA
"114.114_114007",6,0,0,0,NA,NA,NA
"114.114_114013",NA,NA,NA,NA,NA,NA,NA
"114.114_114014",NA,NA,NA,NA,NA,NA,NA
"114.114_114015",NA,NA,NA,NA,NA,NA,NA
"114.114_114020",NA,NA,NA,NA,NA,NA,NA
"114.114_114021",NA,NA,NA,NA,NA,NA,NA
"114.114_114022",5,0.5,0,0,NA,NA,NA
"114.114_114023",5,0.333333333333333,0,0,NA,NA,NA
"114.114_114024",5,0.5,0,0,NA,NA,NA
"114.114_114026",NA,NA,NA,NA,NA,NA,NA
"114.114_114028",NA,NA,NA,NA,NA,NA,NA
"114.114_114029",NA,NA,NA,NA,NA,NA,NA
"114.114_114032",NA,NA,NA,NA,NA,NA,NA
"114.114_114033",4,0.166666666666667,0,0,NA,NA,NA
"114.114_114035",NA,NA,NA,NA,NA,NA,NA
"114.114_114036",NA,NA,NA,NA,NA,NA,NA
"114.114_114038",NA,NA,NA,NA,NA,NA,NA
"114.114_114039",NA,NA,NA,NA,NA,NA,NA
"114.114_114040",3,0,0.003003003003003,0,NA,NA,NA
"114.114_114041",NA,NA,NA,NA,NA,NA,NA
"114.114_114042",NA,NA,NA,NA,NA,NA,NA
"114.114_114047",NA,NA,NA,NA,NA,NA,NA
"114.114_114048",NA,NA,NA,NA,NA,NA,NA
"114.114_114049",NA,NA,NA,NA,NA,NA,NA
"114.114_114050",NA,NA,NA,NA,NA,NA,NA
"114.114_114051",5,0.5,0,0,NA,NA,NA
"114.114_114053",NA,NA,NA,NA,NA,NA,NA
"114.114_114054",NA,NA,NA,NA,NA,NA,NA
"114.114_114056",NA,NA,NA,NA,NA,NA,NA
"114.114_114057",NA,NA,NA,NA,NA,NA,NA
"114.114_114058",NA,NA,NA,NA,NA,NA,NA
"114.114_114059",NA,NA,NA,NA,NA,NA,NA
"114.114_114060",5,0.666666666666667,0,0,NA,NA,NA
"114.114_114061",NA,NA,NA,NA,NA,NA,NA
"114.114_114062",NA,NA,NA,NA,NA,NA,NA
"114.114_114064",NA,NA,NA,NA,NA,NA,NA
"114.114_114067",NA,NA,NA,NA,NA,NA,NA
"114.114_114068",5,0.666666666666667,0,0,NA,NA,NA
"114.114_114069",6,0,0,0,NA,NA,NA
"114.114_114070",5,0.4,0.00806451612903225,0,NA,NA,NA
"114.114_114071",NA,NA,NA,NA,NA,NA,NA
"114.114_114072",NA,NA,NA,NA,NA,NA,NA
"114.114_114074",NA,NA,NA,NA,NA,NA,NA
"114.114_114075",3,0,0.00225225225225225,0,NA,NA,NA
"114.114_114078",5,0.2,0,0,NA,NA,NA
"114.114_114080",NA,NA,NA,NA,NA,NA,NA
"114.114_114082",5,0.5,0.00806451612903225,0,NA,NA,NA
"114.114_114083",5,1,0,0,NA,NA,NA
"114.114_114084",NA,NA,NA,NA,NA,NA,NA
"114.114_114086",NA,NA,NA,NA,NA,NA,NA
"114.114_114090",4,0.2,0,0.00111731843575419,NA,NA,NA
"114.114_114091",NA,NA,NA,NA,NA,NA,NA
"114.114_114093",NA,NA,NA,NA,NA,NA,NA
"114.114_114096",NA,NA,NA,NA,NA,NA,NA
"114.114_114097",3,0.2,0.0045045045045045,0,NA,NA,NA
"114.114_114099",NA,NA,NA,NA,NA,NA,NA
"114.114_114100",5,0,0,0,NA,NA,NA
"114.114_114102",6,0.666666666666667,0,0,NA,NA,NA
"114.114_114103",NA,NA,NA,NA,NA,NA,NA
"114.114_114104",8,0.25,0,0,NA,NA,NA
"114.114_114105",5,1,0.00806451612903225,0.006006006006006,NA,NA,NA
"114.114_114106",NA,NA,NA,NA,NA,NA,NA
"114.114_114107",5,0.25,0,0,NA,NA,NA
"114.114_114108",5,1,0,0,NA,NA,NA
"114.114_114110",NA,NA,NA,NA,NA,NA,NA
"114.114_114111",NA,NA,NA,NA,NA,NA,NA
"114.114_114113",NA,NA,NA,NA,NA,NA,NA
"114.114_114115",NA,NA,NA,NA,NA,NA,NA
"114.114_114118",NA,NA,NA,NA,NA,NA,NA
"114.114_114119",8,0.25,0,0,NA,NA,NA
"114.114_114121",NA,NA,NA,NA,NA,NA,NA
"114.114_114123",NA,NA,NA,NA,NA,NA,NA
"114.114_114124",5,0.2,0,0,NA,NA,NA
"114.114_114125",3,0.2,0,0,NA,NA,NA
"114.114_114126",NA,NA,NA,NA,NA,NA,NA
"114.114_114128",3,0,0,0,NA,NA,NA
"114.114_114129",4,0,0.00380228136882129,0,NA,NA,NA
"114.114_114131",NA,NA,NA,NA,NA,NA,NA
"114.114_114133",5,0.5,0,0.0045045045045045,NA,NA,NA
"114.114_114134",3,0.166666666666667,0,0,NA,NA,NA
"114.114_114135",NA,NA,NA,NA,NA,NA,NA
"114.114_114136",5,0.333333333333333,0,0,NA,NA,NA
"114.114_114137",NA,NA,NA,NA,NA,NA,NA
"114.114_114138",NA,NA,NA,NA,NA,NA,NA
"114.114_114139",NA,NA,NA,NA,NA,NA,NA
"114.114_114140",6,0.6,0,0.00228136882129278,NA,NA,NA
"114.114_114142",NA,NA,NA,NA,NA,NA,NA
"114.114_114144",5,0.2,0,0,NA,NA,NA
"114.114_114145",NA,NA,NA,NA,NA,NA,NA
"114.114_114146",NA,NA,NA,NA,NA,NA,NA
"114.114_114147",NA,NA,NA,NA,NA,NA,NA
"114.114_114148",NA,NA,NA,NA,NA,NA,NA
"114.114_114151",NA,NA,NA,NA,NA,NA,NA
"114.114_114153",NA,NA,NA,NA,NA,NA,NA
"114.114_114154",NA,NA,NA,NA,NA,NA,NA
"114.114_114155",NA,NA,NA,NA,NA,NA,NA
"114.114_114156",NA,NA,NA,NA,NA,NA,NA
"114.114_114157",NA,NA,NA,NA,NA,NA,NA
"114.114_114158",NA,NA,NA,NA,NA,NA,NA
"114.114_114160",NA,NA,NA,NA,NA,NA,NA
"114.114_114161",NA,NA,NA,NA,NA,NA,NA
"114.114_114162",3,0,0,0,NA,NA,NA
"114.114_114164",NA,NA,NA,NA,NA,NA,NA
"114.114_114166",NA,NA,NA,NA,NA,NA,NA
"114.114_114167",5,0,0,0,NA,NA,NA
"114.114_114170",NA,NA,NA,NA,NA,NA,NA
"114.114_114172",NA,NA,NA,NA,NA,NA,NA
"114.114_114173",NA,NA,NA,NA,NA,NA,NA
"114.114_114175",8,0,0,0,NA,NA,NA
"114.114_114177",5,0,0,0,NA,NA,NA
"114.114_114178",NA,NA,NA,NA,NA,NA,NA
"114.114_114179",5,0,0.00806451612903225,0,NA,NA,NA
"114.114_114180",NA,NA,NA,NA,NA,NA,NA
"114.114_114183",5,0,0.00806451612903225,0,NA,NA,NA
"114.114_114184",NA,NA,NA,NA,NA,NA,NA
"114.114_114186",5,0,0.00806451612903225,0,NA,NA,NA
"114.114_114187",NA,NA,NA,NA,NA,NA,NA
"114.114_114189",5,0.5,0,0,NA,NA,NA
"114.114_114191",NA,NA,NA,NA,NA,NA,NA
"114.114_114192",3,0,0,0,NA,NA,NA
"114.114_114194",5,0,0,0,NA,NA,NA
"114.114_114199",4,0.166666666666667,0.00380228136882129,0.00111731843575419,NA,NA,NA
"114.114_114202",NA,NA,NA,NA,NA,NA,NA
"114.114_114203",NA,NA,NA,NA,NA,NA,NA
"114.114_114207",NA,NA,NA,NA,NA,NA,NA
"114.114_114209",NA,NA,NA,NA,NA,NA,NA
"114.114_114210",6,0,0,0,NA,NA,NA
"114.114_114211",6,0.666666666666667,0,0.00190114068441065,NA,NA,NA
"114.114_114212",4,0.428571428571429,0.00380228136882129,0.00279329608938547,NA,NA,NA
"114.114_114218",5,0.25,0,0,NA,NA,NA
"114.114_114220",6,0,0,0,NA,NA,NA
"114.114_114222",5,0.666666666666667,0,0,NA,NA,NA
"114.114_114223",NA,NA,NA,NA,NA,NA,NA
"114.114_114225",NA,NA,NA,NA,NA,NA,NA
"114.114_114226",NA,NA,NA,NA,NA,NA,NA
"114.114_114230",NA,NA,NA,NA,NA,NA,NA
"114.114_114231",NA,NA,NA,NA,NA,NA,NA
"114.114_114232",NA,NA,NA,NA,NA,NA,NA
"114.114_114235",5,0.4,0,0,NA,NA,NA
"114.114_114236",NA,NA,NA,NA,NA,NA,NA
"114.114_114238",NA,NA,NA,NA,NA,NA,NA
"114.114_114240",6,0,0,0,NA,NA,NA
"114.114_114242",NA,NA,NA,NA,NA,NA,NA
"114.114_114244",3,0,0,0,NA,NA,NA
"114.114_114245",NA,NA,NA,NA,NA,NA,NA
"114.114_114247",NA,NA,NA,NA,NA,NA,NA
"114.114_114249",NA,NA,NA,NA,NA,NA,NA
"114.114_114252",NA,NA,NA,NA,NA,NA,NA
"114.114_114253",NA,NA,NA,NA,NA,NA,NA
"114.114_114254",NA,NA,NA,NA,NA,NA,NA
"114.114_114255",8,0,0,0,NA,NA,NA
"114.114_114256",NA,NA,NA,NA,NA,NA,NA
"114.114_114259",NA,NA,NA,NA,NA,NA,NA
"114.114_114260",6,0.25,0,0.000950570342205323,NA,NA,NA
"114.114_114261",5,0.5,0,0,NA,NA,NA
"114.114_114263",NA,NA,NA,NA,NA,NA,NA
"114.114_114268",NA,NA,NA,NA,NA,NA,NA
"114.114_114269",NA,NA,NA,NA,NA,NA,NA
"114.114_114270",NA,NA,NA,NA,NA,NA,NA
"114.114_114272",NA,NA,NA,NA,NA,NA,NA
"114.114_114274",NA,NA,NA,NA,NA,NA,NA
"114.114_114275",NA,NA,NA,NA,NA,NA,NA
"114.114_114276",4,0.285714285714286,0.00190114068441065,0,NA,NA,NA
"114.114_114280",7,0,0,0,NA,NA,NA
"114.114_114281",3,0,0,0,NA,NA,NA
"114.114_114282",NA,NA,NA,NA,NA,NA,NA
"114.114_114283",NA,NA,NA,NA,NA,NA,NA
"114.114_114285",NA,NA,NA,NA,NA,NA,NA
"114.114_114288",5,0.2,0,0,NA,NA,NA
"114.114_114289",NA,NA,NA,NA,NA,NA,NA
"114.114_114291",5,0,0,0,NA,NA,NA
"114.114_114292",3,0,0,0,NA,NA,NA
"114.114_114293",NA,NA,NA,NA,NA,NA,NA
"114.114_114294",NA,NA,NA,NA,NA,NA,NA
"114.114_114295",8,0,0,0,NA,NA,NA
"114.114_114297",6,1,0.0153846153846154,0.00190114068441065,NA,NA,NA
"114.114_114301",8,0.4,0,0,NA,NA,NA
"114.114_114302",5,0.4,0,0,NA,NA,NA
"114.114_114303",NA,NA,NA,NA,NA,NA,NA
"114.114_114304",4,0,0.00380228136882129,0,NA,NA,NA
"114.114_114307",5,1,0,0,NA,NA,NA
"114.114_114310",NA,NA,NA,NA,NA,NA,NA
"114.114_114312",NA,NA,NA,NA,NA,NA,NA
"114.114_114313",6,0.333333333333333,0,0,NA,NA,NA
"114.114_114314",5,1,0,0,NA,NA,NA
"114.114_114315",5,1,0,0.003003003003003,NA,NA,NA
"114.114_114317",3,0,0,0,NA,NA,NA
"114.114_114320",NA,NA,NA,NA,NA,NA,NA
"114.114_114321",NA,NA,NA,NA,NA,NA,NA
"114.114_114322",5,0.5,0.00806451612903225,0,NA,NA,NA
"114.114_114324",NA,NA,NA,NA,NA,NA,NA
"114.114_114325",5,0,0,0,NA,NA,NA
"114.114_114326",4,0.5,0.00380228136882129,0.00558659217877094,NA,NA,NA
"114.114_114327",NA,NA,NA,NA,NA,NA,NA
"114.114_114328",NA,NA,NA,NA,NA,NA,NA
"114.114_114332",NA,NA,NA,NA,NA,NA,NA
"114.114_114333",6,1,0,0,NA,NA,NA
"114.114_114335",5,0,0,0,NA,NA,NA
"114.114_114341",NA,NA,NA,NA,NA,NA,NA
"114.114_114344",5,0,0,0,NA,NA,NA
"114.114_114345",NA,NA,NA,NA,NA,NA,NA
"114.114_114352",NA,NA,NA,NA,NA,NA,NA
"114.114_114353",NA,NA,NA,NA,NA,NA,NA
"114.114_114355",NA,NA,NA,NA,NA,NA,NA
"114.114_114358",6,0,0,0,NA,NA,NA
"114.114_114360",5,0.6,0,0,NA,NA,NA
"114.114_114363",5,1,0,0.009009009009009,NA,NA,NA
"114.114_114364",NA,NA,NA,NA,NA,NA,NA
"114.114_114366",4,0,0,0,NA,NA,NA
"114.114_114369",NA,NA,NA,NA,NA,NA,NA
"114.114_114371",NA,NA,NA,NA,NA,NA,NA
"114.114_114373",NA,NA,NA,NA,NA,NA,NA
"114.114_114374",NA,NA,NA,NA,NA,NA,NA
"114.114_114375",NA,NA,NA,NA,NA,NA,NA
"114.114_114376",NA,NA,NA,NA,NA,NA,NA
"114.114_114377",NA,NA,NA,NA,NA,NA,NA
"114.114_114378",NA,NA,NA,NA,NA,NA,NA
"114.114_114379",5,0,0.00806451612903225,0,NA,NA,NA
"114.114_114382",7,0.25,0,0,NA,NA,NA
"114.114_114383",NA,NA,NA,NA,NA,NA,NA
"114.114_114384",NA,NA,NA,NA,NA,NA,NA
"114.114_114387",3,0,0,0,NA,NA,NA
"114.114_114388",NA,NA,NA,NA,NA,NA,NA
"114.114_114389",NA,NA,NA,NA,NA,NA,NA
"114.114_114393",7,0.5,0,0,NA,NA,NA
"114.114_114394",NA,NA,NA,NA,NA,NA,NA
"114.114_114397",NA,NA,NA,NA,NA,NA,NA
"114.114_114399",6,0.25,0,0,NA,NA,NA
"114.114_114403",5,0.285714285714286,0,0.003003003003003,NA,NA,NA
"114.114_114405",3,0,0.0045045045045045,0,NA,NA,NA
"114.114_114406",5,0,0,0,NA,NA,NA
"114.114_114410",NA,NA,NA,NA,NA,NA,NA
"114.114_114411",NA,NA,NA,NA,NA,NA,NA
"114.114_114412",NA,NA,NA,NA,NA,NA,NA
"114.114_114413",6,0.333333333333333,0,0.00126742712294043,NA,NA,NA
"114.114_114414",NA,NA,NA,NA,NA,NA,NA
"114.114_114415",NA,NA,NA,NA,NA,NA,NA
"114.114_114416",NA,NA,NA,NA,NA,NA,NA
"114.114_114419",NA,NA,NA,NA,NA,NA,NA
"114.114_114420",NA,NA,NA,NA,NA,NA,NA
"114.114_114421",NA,NA,NA,NA,NA,NA,NA
"114.114_114422",NA,NA,NA,NA,NA,NA,NA
"114.114_114424",NA,NA,NA,NA,NA,NA,NA
"114.114_114425",NA,NA,NA,NA,NA,NA,NA
"114.114_114426",3,0,0,0,NA,NA,NA
"114.114_114427",NA,NA,NA,NA,NA,NA,NA
"114.114_114431",4,0,0,0,NA,NA,NA
"114.114_114432",NA,NA,NA,NA,NA,NA,NA
"114.114_114437",5,0.25,0,0,NA,NA,NA
"114.114_114438",NA,NA,NA,NA,NA,NA,NA
"114.114_114440",NA,NA,NA,NA,NA,NA,NA
"114.114_114441",NA,NA,NA,NA,NA,NA,NA
"114.114_114444",NA,NA,NA,NA,NA,NA,NA
"114.114_114445",NA,NA,NA,NA,NA,NA,NA
"114.114_114446",NA,NA,NA,NA,NA,NA,NA
"114.114_114447",NA,NA,NA,NA,NA,NA,NA
"114.114_114452",3,0,0,0,NA,NA,NA
"114.114_114453",NA,NA,NA,NA,NA,NA,NA
"114.114_114454",NA,NA,NA,NA,NA,NA,NA
"114.114_114455",NA,NA,NA,NA,NA,NA,NA
"114.114_114456",NA,NA,NA,NA,NA,NA,NA
"114.114_114457",NA,NA,NA,NA,NA,NA,NA
"114.114_114459",NA,NA,NA,NA,NA,NA,NA
"114.114_114460",NA,NA,NA,NA,NA,NA,NA
"114.114_114461",NA,NA,NA,NA,NA,NA,NA
"114.114_114463",NA,NA,NA,NA,NA,NA,NA
"114.114_114466",5,1,0,0,NA,NA,NA
"114.114_114468",NA,NA,NA,NA,NA,NA,NA
"114.114_114469",5,0,0.00806451612903225,0,NA,NA,NA
"114.114_114470",NA,NA,NA,NA,NA,NA,NA
"114.114_114473",NA,NA,NA,NA,NA,NA,NA
"114.114_114475",NA,NA,NA,NA,NA,NA,NA
"114.114_114477",NA,NA,NA,NA,NA,NA,NA
"114.114_114480",3,0,0,0,NA,NA,NA
"114.114_114482",NA,NA,NA,NA,NA,NA,NA
"114.114_114483",5,0,0,0,NA,NA,NA
"114.114_114484",4,0,0,0,NA,NA,NA
"114.114_114488",6,0,0,0,NA,NA,NA
"114.114_114489",NA,NA,NA,NA,NA,NA,NA
"114.114_114490",NA,NA,NA,NA,NA,NA,NA
"114.114_114492",6,0.333333333333333,0,0,NA,NA,NA
"114.114_114497",NA,NA,NA,NA,NA,NA,NA
"114.114_114501",NA,NA,NA,NA,NA,NA,NA
"114.114_114503",5,1,0,0,NA,NA,NA
"114.114_114504",NA,NA,NA,NA,NA,NA,NA
"114.114_114506",5,1,0.00806451612903225,0,NA,NA,NA
"114.114_114507",NA,NA,NA,NA,NA,NA,NA
"114.114_114508",NA,NA,NA,NA,NA,NA,NA
"114.114_114509",NA,NA,NA,NA,NA,NA,NA
"114.114_114510",NA,NA,NA,NA,NA,NA,NA
"114.114_114511",NA,NA,NA,NA,NA,NA,NA
"114.114_114512",NA,NA,NA,NA,NA,NA,NA
"114.114_114515",5,1,0,0,NA,NA,NA
"114.114_114519",NA,NA,NA,NA,NA,NA,NA
"114.114_114520",NA,NA,NA,NA,NA,NA,NA
"114.114_114521",NA,NA,NA,NA,NA,NA,NA
"114.114_114523",NA,NA,NA,NA,NA,NA,NA
"114.114_114526",NA,NA,NA,NA,NA,NA,NA
"114.114_114528",NA,NA,NA,NA,NA,NA,NA
"114.114_114529",6,0.5,0,0,NA,NA,NA
"114.114_114531",NA,NA,NA,NA,NA,NA,NA
"114.114_114532",6,0.8,0,0.00228136882129278,NA,NA,NA
"114.114_114534",NA,NA,NA,NA,NA,NA,NA
"114.114_114535",NA,NA,NA,NA,NA,NA,NA
"114.114_114536",5,0.5,0,0,NA,NA,NA
"114.114_114537",NA,NA,NA,NA,NA,NA,NA
"114.114_114538",NA,NA,NA,NA,NA,NA,NA
"114.114_114540",7,0.6,0,0,NA,NA,NA
"114.114_114542",NA,NA,NA,NA,NA,NA,NA
"114.114_114543",NA,NA,NA,NA,NA,NA,NA
"114.114_114544",3,0,0,0,NA,NA,NA
"114.114_114547",5,0.333333333333333,0,0,NA,NA,NA
"114.114_114548",NA,NA,NA,NA,NA,NA,NA
"114.114_114549",NA,NA,NA,NA,NA,NA,NA
"114.114_114550",7,0,0,0,NA,NA,NA
"114.114_114551",NA,NA,NA,NA,NA,NA,NA
"114.114_114555",NA,NA,NA,NA,NA,NA,NA
"114.114_114556",NA,NA,NA,NA,NA,NA,NA
"114.114_114558",NA,NA,NA,NA,NA,NA,NA
"114.114_114560",5,1,0,0,NA,NA,NA
"114.114_114563",8,0,0,0,NA,NA,NA
"114.114_114565",NA,NA,NA,NA,NA,NA,NA
"114.114_114567",7,0,0,0,NA,NA,NA
"114.114_114570",NA,NA,NA,NA,NA,NA,NA
"114.114_114571",NA,NA,NA,NA,NA,NA,NA
"114.114_114573",NA,NA,NA,NA,NA,NA,NA
"114.114_114574",5,0.666666666666667,0,0,NA,NA,NA
"114.114_114575",3,0.2,0,0,NA,NA,NA
"114.114_114576",5,1,0,0,NA,NA,NA
"114.114_114577",3,0,0,0,NA,NA,NA
"114.114_114579",NA,NA,NA,NA,NA,NA,NA
"114.114_114580",NA,NA,NA,NA,NA,NA,NA
"114.114_114581",NA,NA,NA,NA,NA,NA,NA
"114.114_114583",NA,NA,NA,NA,NA,NA,NA
"114.114_114584",7,0.5,0,0,NA,NA,NA
"114.114_114585",5,0.75,0,0,NA,NA,NA
"114.114_114586",NA,NA,NA,NA,NA,NA,NA
"114.114_114588",NA,NA,NA,NA,NA,NA,NA
"114.114_114590",3,0,0,0,NA,NA,NA
"114.114_114591",NA,NA,NA,NA,NA,NA,NA
"114.114_114592",NA,NA,NA,NA,NA,NA,NA
"114.114_114594",NA,NA,NA,NA,NA,NA,NA
"114.114_114601",NA,NA,NA,NA,NA,NA,NA
"114.114_114607",NA,NA,NA,NA,NA,NA,NA
"114.114_114608",3,0,0,0,NA,NA,NA
"114.114_114610",NA,NA,NA,NA,NA,NA,NA
"114.114_114617",7,1,0,0.00403225806451613,NA,NA,NA
"114.114_114622",NA,NA,NA,NA,NA,NA,NA
"114.114_114624",NA,NA,NA,NA,NA,NA,NA
"114.114_114629",5,0,0,0,NA,NA,NA
"114.114_114633",3,0,0,0,NA,NA,NA
"114.114_114637",5,0,0,0,NA,NA,NA
"114.114_114641",NA,NA,NA,NA,NA,NA,NA
"114.114_114642",NA,NA,NA,NA,NA,NA,NA
"114.114_114644",NA,NA,NA,NA,NA,NA,NA
"114.114_114653",6,0.75,0,0.00190114068441065,NA,NA,NA
"114.114_114655",NA,NA,NA,NA,NA,NA,NA
"114.114_114662",NA,NA,NA,NA,NA,NA,NA
"114.114_114666",3,0,0,0,NA,NA,NA
"114.114_114670",NA,NA,NA,NA,NA,NA,NA
"114.114_114671",NA,NA,NA,NA,NA,NA,NA
"201.201_201001",NA,NA,NA,NA,NA,NA,NA
"201.201_201002",NA,NA,NA,NA,NA,NA,NA
"201.201_201005",NA,NA,NA,NA,NA,NA,NA
"201.201_201006",5,0,0,0,NA,NA,NA
"201.201_201011",NA,NA,NA,NA,NA,NA,NA
"201.201_201012",NA,NA,NA,NA,NA,NA,NA
"201.201_201013",NA,NA,NA,NA,NA,NA,NA
"201.201_201014",NA,NA,NA,NA,NA,NA,NA
"201.201_201015",NA,NA,NA,NA,NA,NA,NA
"201.201_201017",NA,NA,NA,NA,NA,NA,NA
"201.201_201021",NA,NA,NA,NA,NA,NA,NA
"201.201_201023",NA,NA,NA,NA,NA,NA,NA
"201.201_201027",NA,NA,NA,NA,NA,NA,NA
"201.201_201029",NA,NA,NA,NA,NA,NA,NA
"201.201_201031",NA,NA,NA,NA,NA,NA,NA
"201.201_201033",NA,NA,NA,NA,NA,NA,NA
"201.201_201034",NA,NA,NA,NA,NA,NA,NA
"201.201_201035",NA,NA,NA,NA,NA,NA,NA
"201.201_201040",NA,NA,NA,NA,NA,NA,NA
"201.201_201041",NA,NA,NA,NA,NA,NA,NA
"201.201_201042",NA,NA,NA,NA,NA,NA,NA
"201.201_201045",NA,NA,NA,NA,NA,NA,NA
"201.201_201048",NA,NA,NA,NA,NA,NA,NA
"201.201_201049",NA,NA,NA,NA,NA,NA,NA
"201.201_201053",NA,NA,NA,NA,NA,NA,NA
"201.201_201066",1,0,0,0,NA,NA,NA
"201.201_201070",NA,NA,NA,NA,NA,NA,NA
"201.201_201071",3,0.5,0.009009009009009,0,NA,NA,NA
"201.201_201073",NA,NA,NA,NA,NA,NA,NA
"201.201_201077",NA,NA,NA,NA,NA,NA,NA
"201.201_201080",NA,NA,NA,NA,NA,NA,NA
"201.201_201085",NA,NA,NA,NA,NA,NA,NA
"201.201_201086",NA,NA,NA,NA,NA,NA,NA
"201.201_201087",NA,NA,NA,NA,NA,NA,NA
"201.201_201091",NA,NA,NA,NA,NA,NA,NA
"201.201_201096",NA,NA,NA,NA,NA,NA,NA
"201.201_201097",6,0,0,0,NA,NA,NA
"201.201_201098",NA,NA,NA,NA,NA,NA,NA
"201.201_201099",NA,NA,NA,NA,NA,NA,NA
"201.201_201100",NA,NA,NA,NA,NA,NA,NA
"201.201_201102",4,0,0,0,NA,NA,NA
"201.201_201104",NA,NA,NA,NA,NA,NA,NA
"201.201_201105",NA,NA,NA,NA,NA,NA,NA
"201.201_201106",2,0,0,0,NA,NA,NA
"201.201_201108",NA,NA,NA,NA,NA,NA,NA
"201.201_201109",4,0.5,0,0,NA,NA,NA
"201.201_201111",3,0,0,0,NA,NA,NA
"201.201_201112",NA,NA,NA,NA,NA,NA,NA
"201.201_201115",3,0,0,0,NA,NA,NA
"201.201_201117",NA,NA,NA,NA,NA,NA,NA
"201.201_201119",NA,NA,NA,NA,NA,NA,NA
"201.201_201121",NA,NA,NA,NA,NA,NA,NA
"201.201_201123",NA,NA,NA,NA,NA,NA,NA
"201.201_201124",NA,NA,NA,NA,NA,NA,NA
"201.201_201125",NA,NA,NA,NA,NA,NA,NA
"201.201_201127",NA,NA,NA,NA,NA,NA,NA
"201.201_201128",4,0.333333333333333,0,0,NA,NA,NA
"201.201_201130",4,0,0,0,NA,NA,NA
"201.201_201131",NA,NA,NA,NA,NA,NA,NA
"201.201_201132",3,0,0,0,NA,NA,NA
"201.201_201134",NA,NA,NA,NA,NA,NA,NA
"201.201_201138",NA,NA,NA,NA,NA,NA,NA
"201.201_201141",NA,NA,NA,NA,NA,NA,NA
"201.201_201143",NA,NA,NA,NA,NA,NA,NA
"201.201_201147",NA,NA,NA,NA,NA,NA,NA
"201.201_201148",NA,NA,NA,NA,NA,NA,NA
"201.201_201151",NA,NA,NA,NA,NA,NA,NA
"201.201_201152",NA,NA,NA,NA,NA,NA,NA
"201.201_201154",1,0,0,0,NA,NA,NA
"201.201_201158",NA,NA,NA,NA,NA,NA,NA
"201.201_201159",NA,NA,NA,NA,NA,NA,NA
"201.201_201162",NA,NA,NA,NA,NA,NA,NA
"201.201_201164",NA,NA,NA,NA,NA,NA,NA
"201.201_201165",NA,NA,NA,NA,NA,NA,NA
"201.201_201167",3,0.5,0,0,NA,NA,NA
"201.201_201171",NA,NA,NA,NA,NA,NA,NA
"201.201_201176",NA,NA,NA,NA,NA,NA,NA
"201.201_201179",3,0.4,0.009009009009009,0,NA,NA,NA
"201.201_201181",NA,NA,NA,NA,NA,NA,NA
"201.201_201182",4,0.75,0,0.0037243947858473,NA,NA,NA
"201.201_201186",NA,NA,NA,NA,NA,NA,NA
"201.201_201187",NA,NA,NA,NA,NA,NA,NA
"201.201_201191",NA,NA,NA,NA,NA,NA,NA
"201.201_201192",NA,NA,NA,NA,NA,NA,NA
"201.201_201195",NA,NA,NA,NA,NA,NA,NA
"201.201_201196",NA,NA,NA,NA,NA,NA,NA
"201.201_201198",NA,NA,NA,NA,NA,NA,NA
"201.201_201199",NA,NA,NA,NA,NA,NA,NA
"201.201_201209",NA,NA,NA,NA,NA,NA,NA
"201.201_201210",NA,NA,NA,NA,NA,NA,NA
"201.201_201215",NA,NA,NA,NA,NA,NA,NA
"201.201_201217",NA,NA,NA,NA,NA,NA,NA
"201.201_201220",NA,NA,NA,NA,NA,NA,NA
"201.201_201221",3,0,0,0,NA,NA,NA
"201.201_201222",1,0,0,0,NA,NA,NA
"201.201_201224",5,0,0,0,NA,NA,NA
"201.201_201226",NA,NA,NA,NA,NA,NA,NA
"201.201_201233",NA,NA,NA,NA,NA,NA,NA
"201.201_201234",NA,NA,NA,NA,NA,NA,NA
"201.201_201238",NA,NA,NA,NA,NA,NA,NA
"201.201_201239",NA,NA,NA,NA,NA,NA,NA
"201.201_201240",NA,NA,NA,NA,NA,NA,NA
"201.201_201249",NA,NA,NA,NA,NA,NA,NA
"201.201_201250",NA,NA,NA,NA,NA,NA,NA
"201.201_201254",NA,NA,NA,NA,NA,NA,NA
"201.201_201256",NA,NA,NA,NA,NA,NA,NA
"201.201_201257",NA,NA,NA,NA,NA,NA,NA
"201.201_201261",3,0.4,0.009009009009009,0,NA,NA,NA
"201.201_201262",3,0,0,0,NA,NA,NA
"201.201_201263",NA,NA,NA,NA,NA,NA,NA
"201.201_201264",NA,NA,NA,NA,NA,NA,NA
"201.201_201268",NA,NA,NA,NA,NA,NA,NA
"201.201_201276",NA,NA,NA,NA,NA,NA,NA
"201.201_201281",NA,NA,NA,NA,NA,NA,NA
"201.201_201283",NA,NA,NA,NA,NA,NA,NA
"201.201_201285",NA,NA,NA,NA,NA,NA,NA
"201.201_201287",NA,NA,NA,NA,NA,NA,NA
"201.201_201289",NA,NA,NA,NA,NA,NA,NA
"201.201_201290",NA,NA,NA,NA,NA,NA,NA
"201.201_201293",NA,NA,NA,NA,NA,NA,NA
"201.201_201294",NA,NA,NA,NA,NA,NA,NA
"201.201_201295",NA,NA,NA,NA,NA,NA,NA
"201.201_201300",NA,NA,NA,NA,NA,NA,NA
"201.201_201302",NA,NA,NA,NA,NA,NA,NA
"201.201_201304",NA,NA,NA,NA,NA,NA,NA
"201.201_201305",NA,NA,NA,NA,NA,NA,NA
"201.201_201308",NA,NA,NA,NA,NA,NA,NA
"201.201_201312",NA,NA,NA,NA,NA,NA,NA
"201.201_201315",3,1,0,0,NA,NA,NA
"201.201_201316",NA,NA,NA,NA,NA,NA,NA
"201.201_201320",NA,NA,NA,NA,NA,NA,NA
"201.201_201322",NA,NA,NA,NA,NA,NA,NA
"201.201_201325",NA,NA,NA,NA,NA,NA,NA
"201.201_201328",3,0.5,0,0,NA,NA,NA
"201.201_201331",NA,NA,NA,NA,NA,NA,NA
"201.201_201335",NA,NA,NA,NA,NA,NA,NA
"201.201_201338",NA,NA,NA,NA,NA,NA,NA
"201.201_201341",NA,NA,NA,NA,NA,NA,NA
"201.201_201343",NA,NA,NA,NA,NA,NA,NA
"201.201_201345",NA,NA,NA,NA,NA,NA,NA
"201.201_201346",NA,NA,NA,NA,NA,NA,NA
"201.201_201348",NA,NA,NA,NA,NA,NA,NA
"201.201_201349",NA,NA,NA,NA,NA,NA,NA
"201.201_201351",NA,NA,NA,NA,NA,NA,NA
"201.201_201353",3,0,0,0,NA,NA,NA
"201.201_201355",NA,NA,NA,NA,NA,NA,NA
"201.201_201356",NA,NA,NA,NA,NA,NA,NA
"201.201_201358",NA,NA,NA,NA,NA,NA,NA
"201.201_201359",NA,NA,NA,NA,NA,NA,NA
"201.201_201360",NA,NA,NA,NA,NA,NA,NA
"201.201_201363",NA,NA,NA,NA,NA,NA,NA
"201.201_201364",NA,NA,NA,NA,NA,NA,NA
"201.201_201365",NA,NA,NA,NA,NA,NA,NA
"201.201_201366",NA,NA,NA,NA,NA,NA,NA
"201.201_201367",4,0.5,0,0.00279329608938547,NA,NA,NA
"201.201_201368",NA,NA,NA,NA,NA,NA,NA
"201.201_201369",NA,NA,NA,NA,NA,NA,NA
"201.201_201370",NA,NA,NA,NA,NA,NA,NA
"201.201_201371",NA,NA,NA,NA,NA,NA,NA
"201.201_201372",NA,NA,NA,NA,NA,NA,NA
"201.201_201374",NA,NA,NA,NA,NA,NA,NA
"201.201_201375",NA,NA,NA,NA,NA,NA,NA
"201.201_201388",NA,NA,NA,NA,NA,NA,NA
"201.201_201397",NA,NA,NA,NA,NA,NA,NA
"201.201_201400",NA,NA,NA,NA,NA,NA,NA
"201.201_201404",NA,NA,NA,NA,NA,NA,NA
"201.201_201405",NA,NA,NA,NA,NA,NA,NA
"201.201_201406",NA,NA,NA,NA,NA,NA,NA
"201.201_201408",NA,NA,NA,NA,NA,NA,NA
"201.201_201409",NA,NA,NA,NA,NA,NA,NA
"201.201_201410",NA,NA,NA,NA,NA,NA,NA
"201.201_201413",4,0.4,0,0.00139664804469274,NA,NA,NA
"201.201_201414",NA,NA,NA,NA,NA,NA,NA
"201.201_201417",NA,NA,NA,NA,NA,NA,NA
"201.201_201418",NA,NA,NA,NA,NA,NA,NA
"201.201_201419",3,0,0,0,NA,NA,NA
"201.201_201420",2,0,0,0,NA,NA,NA
"201.201_201422",NA,NA,NA,NA,NA,NA,NA
"201.201_201426",2,0.5,0,0,NA,NA,NA
"201.201_201430",NA,NA,NA,NA,NA,NA,NA
"201.201_201432",NA,NA,NA,NA,NA,NA,NA
"201.201_201433",NA,NA,NA,NA,NA,NA,NA
"201.201_201435",NA,NA,NA,NA,NA,NA,NA
"201.201_201437",4,0,0,0,NA,NA,NA
"201.201_201439",NA,NA,NA,NA,NA,NA,NA
"201.201_201441",2,0,0,0,NA,NA,NA
"201.201_201442",NA,NA,NA,NA,NA,NA,NA
"201.201_201443",NA,NA,NA,NA,NA,NA,NA
"201.201_201444",NA,NA,NA,NA,NA,NA,NA
"201.201_201445",NA,NA,NA,NA,NA,NA,NA
"201.201_201446",NA,NA,NA,NA,NA,NA,NA
"201.201_201447",NA,NA,NA,NA,NA,NA,NA
"201.201_201449",5,0,0,0,NA,NA,NA
"201.201_201450",NA,NA,NA,NA,NA,NA,NA
"201.201_201451",NA,NA,NA,NA,NA,NA,NA
"201.201_201452",NA,NA,NA,NA,NA,NA,NA
"201.201_201453",NA,NA,NA,NA,NA,NA,NA
"201.201_201454",NA,NA,NA,NA,NA,NA,NA
"201.201_201456",NA,NA,NA,NA,NA,NA,NA
"201.201_201457",NA,NA,NA,NA,NA,NA,NA
"201.201_201462",NA,NA,NA,NA,NA,NA,NA
"201.201_201464",4,0,0,0,NA,NA,NA
"201.201_201469",NA,NA,NA,NA,NA,NA,NA
"201.201_201470",NA,NA,NA,NA,NA,NA,NA
"201.201_201472",NA,NA,NA,NA,NA,NA,NA
"201.201_201473",NA,NA,NA,NA,NA,NA,NA
"201.201_201474",NA,NA,NA,NA,NA,NA,NA
"201.201_201475",NA,NA,NA,NA,NA,NA,NA
"201.201_201477",NA,NA,NA,NA,NA,NA,NA
"201.201_201479",NA,NA,NA,NA,NA,NA,NA
"201.201_201480",NA,NA,NA,NA,NA,NA,NA
"201.201_201481",NA,NA,NA,NA,NA,NA,NA
"201.201_201483",NA,NA,NA,NA,NA,NA,NA
"201.201_201484",NA,NA,NA,NA,NA,NA,NA
"201.201_201485",NA,NA,NA,NA,NA,NA,NA
"201.201_201486",3,0.333333333333333,0,0,NA,NA,NA
"212.212_212001",NA,NA,NA,NA,NA,NA,NA
"212.212_212002",NA,NA,NA,NA,NA,NA,NA
"212.212_212004",NA,NA,NA,NA,NA,NA,NA
"212.212_212006",NA,NA,NA,NA,NA,NA,NA
"212.212_212007",NA,NA,NA,NA,NA,NA,NA
"212.212_212009",NA,NA,NA,NA,NA,NA,NA
"212.212_212010",NA,NA,NA,NA,NA,NA,NA
"212.212_212011",3,0.333333333333333,0.009009009009009,0,NA,NA,NA
"212.212_212015",NA,NA,NA,NA,NA,NA,NA
"212.212_212020",NA,NA,NA,NA,NA,NA,NA
"212.212_212022",4,0.5,0,0.00279329608938547,NA,NA,NA
"212.212_212024",NA,NA,NA,NA,NA,NA,NA
"212.212_212026",NA,NA,NA,NA,NA,NA,NA
"212.212_212027",NA,NA,NA,NA,NA,NA,NA
"212.212_212029",NA,NA,NA,NA,NA,NA,NA
"212.212_212031",NA,NA,NA,NA,NA,NA,NA
"212.212_212032",NA,NA,NA,NA,NA,NA,NA
"212.212_212033",NA,NA,NA,NA,NA,NA,NA
"212.212_212037",NA,NA,NA,NA,NA,NA,NA
"212.212_212038",NA,NA,NA,NA,NA,NA,NA
"212.212_212041",NA,NA,NA,NA,NA,NA,NA
"212.212_212045",NA,NA,NA,NA,NA,NA,NA
"212.212_212046",5,0,0,0,NA,NA,NA
"212.212_212047",NA,NA,NA,NA,NA,NA,NA
"212.212_212048",NA,NA,NA,NA,NA,NA,NA
"212.212_212049",NA,NA,NA,NA,NA,NA,NA
"212.212_212050",NA,NA,NA,NA,NA,NA,NA
"212.212_212052",NA,NA,NA,NA,NA,NA,NA
"212.212_212053",NA,NA,NA,NA,NA,NA,NA
"212.212_212056",NA,NA,NA,NA,NA,NA,NA
"212.212_212059",NA,NA,NA,NA,NA,NA,NA
"212.212_212060",4,0,0,0,NA,NA,NA
"212.212_212061",4,0,0,0,NA,NA,NA
"212.212_212062",NA,NA,NA,NA,NA,NA,NA
"212.212_212063",4,0,0,0,NA,NA,NA
"212.212_212064",NA,NA,NA,NA,NA,NA,NA
"212.212_212065",NA,NA,NA,NA,NA,NA,NA
"212.212_212067",NA,NA,NA,NA,NA,NA,NA
"212.212_212068",4,0,0,0,NA,NA,NA
"212.212_212069",NA,NA,NA,NA,NA,NA,NA
"212.212_212072",NA,NA,NA,NA,NA,NA,NA
"212.212_212075",NA,NA,NA,NA,NA,NA,NA
"212.212_212077",NA,NA,NA,NA,NA,NA,NA
"212.212_212078",NA,NA,NA,NA,NA,NA,NA
"212.212_212079",NA,NA,NA,NA,NA,NA,NA
"212.212_212081",NA,NA,NA,NA,NA,NA,NA
"212.212_212084",NA,NA,NA,NA,NA,NA,NA
"212.212_212085",NA,NA,NA,NA,NA,NA,NA
"212.212_212086",NA,NA,NA,NA,NA,NA,NA
"212.212_212087",NA,NA,NA,NA,NA,NA,NA
"212.212_212089",NA,NA,NA,NA,NA,NA,NA
"212.212_212090",NA,NA,NA,NA,NA,NA,NA
"212.212_212093",NA,NA,NA,NA,NA,NA,NA
"212.212_212095",NA,NA,NA,NA,NA,NA,NA
"212.212_212096",NA,NA,NA,NA,NA,NA,NA
"212.212_212097",NA,NA,NA,NA,NA,NA,NA
"212.212_212099",NA,NA,NA,NA,NA,NA,NA
"212.212_212100",NA,NA,NA,NA,NA,NA,NA
"212.212_212105",NA,NA,NA,NA,NA,NA,NA
"212.212_212106",NA,NA,NA,NA,NA,NA,NA
"212.212_212108",NA,NA,NA,NA,NA,NA,NA
"212.212_212110",NA,NA,NA,NA,NA,NA,NA
"212.212_212111",4,0,0,0,NA,NA,NA
"212.212_212112",NA,NA,NA,NA,NA,NA,NA
"212.212_212114",NA,NA,NA,NA,NA,NA,NA
"212.212_212118",NA,NA,NA,NA,NA,NA,NA
"212.212_212119",NA,NA,NA,NA,NA,NA,NA
"212.212_212120",NA,NA,NA,NA,NA,NA,NA
"212.212_212121",NA,NA,NA,NA,NA,NA,NA
"212.212_212122",NA,NA,NA,NA,NA,NA,NA
"212.212_212123",NA,NA,NA,NA,NA,NA,NA
"212.212_212125",NA,NA,NA,NA,NA,NA,NA
"212.212_212126",NA,NA,NA,NA,NA,NA,NA
"212.212_212132",NA,NA,NA,NA,NA,NA,NA
"212.212_212133",NA,NA,NA,NA,NA,NA,NA
"212.212_212136",NA,NA,NA,NA,NA,NA,NA
"212.212_212137",NA,NA,NA,NA,NA,NA,NA
"212.212_212138",NA,NA,NA,NA,NA,NA,NA
"212.212_212139",NA,NA,NA,NA,NA,NA,NA
"212.212_212140",NA,NA,NA,NA,NA,NA,NA
"212.212_212146",6,0,0,0,NA,NA,NA
"212.212_212148",NA,NA,NA,NA,NA,NA,NA
"212.212_212149",NA,NA,NA,NA,NA,NA,NA
"212.212_212151",3,0,0,0,NA,NA,NA
"212.212_212152",NA,NA,NA,NA,NA,NA,NA
"212.212_212157",NA,NA,NA,NA,NA,NA,NA
"212.212_212160",5,0,0,0,NA,NA,NA
"212.212_212163",3,0.5,0.009009009009009,0,NA,NA,NA
"212.212_212164",NA,NA,NA,NA,NA,NA,NA
"212.212_212166",4,0.2,0,0,NA,NA,NA
"212.212_212167",NA,NA,NA,NA,NA,NA,NA
"212.212_212170",NA,NA,NA,NA,NA,NA,NA
"212.212_212174",NA,NA,NA,NA,NA,NA,NA
"212.212_212175",5,0,0,0,NA,NA,NA
"212.212_212177",NA,NA,NA,NA,NA,NA,NA
"212.212_212178",NA,NA,NA,NA,NA,NA,NA
"212.212_212179",NA,NA,NA,NA,NA,NA,NA
"212.212_212180",NA,NA,NA,NA,NA,NA,NA
"212.212_212181",NA,NA,NA,NA,NA,NA,NA
"212.212_212182",2,0,0.00558659217877094,0,NA,NA,NA
"212.212_212183",NA,NA,NA,NA,NA,NA,NA
"212.212_212184",1,1,0,0,NA,NA,NA
"212.212_212186",5,0,0,0,NA,NA,NA
"212.212_212187",NA,NA,NA,NA,NA,NA,NA
"212.212_212188",NA,NA,NA,NA,NA,NA,NA
"212.212_212189",NA,NA,NA,NA,NA,NA,NA
"212.212_212191",NA,NA,NA,NA,NA,NA,NA
"212.212_212192",NA,NA,NA,NA,NA,NA,NA
"212.212_212193",NA,NA,NA,NA,NA,NA,NA
"212.212_212194",2,0,0,0,NA,NA,NA
"212.212_212196",NA,NA,NA,NA,NA,NA,NA
"212.212_212200",NA,NA,NA,NA,NA,NA,NA
"212.212_212201",NA,NA,NA,NA,NA,NA,NA
"212.212_212203",NA,NA,NA,NA,NA,NA,NA
"212.212_212206",NA,NA,NA,NA,NA,NA,NA
"212.212_212208",1,0.5,0,0,NA,NA,NA
"212.212_212209",NA,NA,NA,NA,NA,NA,NA
"212.212_212211",1,0.4,0,0,NA,NA,NA
"212.212_212212",NA,NA,NA,NA,NA,NA,NA
"212.212_212215",NA,NA,NA,NA,NA,NA,NA
"212.212_212217",NA,NA,NA,NA,NA,NA,NA
"212.212_212219",NA,NA,NA,NA,NA,NA,NA
"212.212_212221",NA,NA,NA,NA,NA,NA,NA
"212.212_212222",NA,NA,NA,NA,NA,NA,NA
"212.212_212223",NA,NA,NA,NA,NA,NA,NA
"212.212_212224",NA,NA,NA,NA,NA,NA,NA
"212.212_212225",4,0,0,0,NA,NA,NA
"212.212_212226",NA,NA,NA,NA,NA,NA,NA
"212.212_212227",1,0,0,0,NA,NA,NA
"212.212_212228",NA,NA,NA,NA,NA,NA,NA
"212.212_212229",NA,NA,NA,NA,NA,NA,NA
"212.212_212231",NA,NA,NA,NA,NA,NA,NA
"212.212_212232",NA,NA,NA,NA,NA,NA,NA
"212.212_212233",NA,NA,NA,NA,NA,NA,NA
"212.212_212235",NA,NA,NA,NA,NA,NA,NA
"212.212_212236",NA,NA,NA,NA,NA,NA,NA
"212.212_212237",NA,NA,NA,NA,NA,NA,NA
"212.212_212238",NA,NA,NA,NA,NA,NA,NA
"212.212_212239",NA,NA,NA,NA,NA,NA,NA
"212.212_212240",NA,NA,NA,NA,NA,NA,NA
"212.212_212242",5,0,0,0,NA,NA,NA
"212.212_212245",NA,NA,NA,NA,NA,NA,NA
"212.212_212246",NA,NA,NA,NA,NA,NA,NA
"212.212_212252",NA,NA,NA,NA,NA,NA,NA
"212.212_212253",NA,NA,NA,NA,NA,NA,NA
"212.212_212254",NA,NA,NA,NA,NA,NA,NA
"212.212_212255",NA,NA,NA,NA,NA,NA,NA
"212.212_212256",NA,NA,NA,NA,NA,NA,NA
"212.212_212257",NA,NA,NA,NA,NA,NA,NA
"212.212_212259",NA,NA,NA,NA,NA,NA,NA
"212.212_212262",NA,NA,NA,NA,NA,NA,NA
"212.212_212264",NA,NA,NA,NA,NA,NA,NA
"212.212_212266",NA,NA,NA,NA,NA,NA,NA
"212.212_212267",NA,NA,NA,NA,NA,NA,NA
"212.212_212270",3,0.166666666666667,0,0.00806451612903226,NA,NA,NA
"212.212_212272",NA,NA,NA,NA,NA,NA,NA
"212.212_212273",NA,NA,NA,NA,NA,NA,NA
"212.212_212274",3,0,0,0,NA,NA,NA
"212.212_212275",NA,NA,NA,NA,NA,NA,NA
"212.212_212276",NA,NA,NA,NA,NA,NA,NA
"212.212_212277",NA,NA,NA,NA,NA,NA,NA
"212.212_212281",NA,NA,NA,NA,NA,NA,NA
"212.212_212282",NA,NA,NA,NA,NA,NA,NA
"212.212_212283",5,0,0,0,NA,NA,NA
"212.212_212286",NA,NA,NA,NA,NA,NA,NA
"212.212_212287",NA,NA,NA,NA,NA,NA,NA
"212.212_212288",NA,NA,NA,NA,NA,NA,NA
"212.212_212294",3,0.666666666666667,0,0,NA,NA,NA
"212.212_212296",6,0,0,0,NA,NA,NA
"212.212_212298",NA,NA,NA,NA,NA,NA,NA
"212.212_212301",NA,NA,NA,NA,NA,NA,NA
"212.212_212302",NA,NA,NA,NA,NA,NA,NA
"212.212_212305",NA,NA,NA,NA,NA,NA,NA
"212.212_212306",NA,NA,NA,NA,NA,NA,NA
"212.212_212308",NA,NA,NA,NA,NA,NA,NA
"212.212_212310",NA,NA,NA,NA,NA,NA,NA
"212.212_212312",NA,NA,NA,NA,NA,NA,NA
"212.212_212315",3,0.666666666666667,0,0,NA,NA,NA
"212.212_212317",3,0,0,0,NA,NA,NA
"212.212_212318",NA,NA,NA,NA,NA,NA,NA
"212.212_212322",NA,NA,NA,NA,NA,NA,NA
"212.212_212324",NA,NA,NA,NA,NA,NA,NA
"212.212_212326",NA,NA,NA,NA,NA,NA,NA
"212.212_212327",NA,NA,NA,NA,NA,NA,NA
"212.212_212328",NA,NA,NA,NA,NA,NA,NA
"212.212_212329",NA,NA,NA,NA,NA,NA,NA
"212.212_212331",NA,NA,NA,NA,NA,NA,NA
"212.212_212332",NA,NA,NA,NA,NA,NA,NA
"212.212_212333",NA,NA,NA,NA,NA,NA,NA
"212.212_212334",NA,NA,NA,NA,NA,NA,NA
"212.212_212335",NA,NA,NA,NA,NA,NA,NA
"212.212_212336",NA,NA,NA,NA,NA,NA,NA
"212.212_212337",3,0.666666666666667,0,0,NA,NA,NA
"212.212_212338",NA,NA,NA,NA,NA,NA,NA
"212.212_212341",NA,NA,NA,NA,NA,NA,NA
"212.212_212348",NA,NA,NA,NA,NA,NA,NA
"212.212_212350",NA,NA,NA,NA,NA,NA,NA
"212.212_212351",NA,NA,NA,NA,NA,NA,NA
"212.212_212352",NA,NA,NA,NA,NA,NA,NA
"212.212_212353",3,0,0,0,NA,NA,NA
"212.212_212355",NA,NA,NA,NA,NA,NA,NA
"212.212_212356",3,1,0,0,NA,NA,NA
"212.212_212357",NA,NA,NA,NA,NA,NA,NA
"212.212_212358",NA,NA,NA,NA,NA,NA,NA
"212.212_212359",NA,NA,NA,NA,NA,NA,NA
"212.212_212360",NA,NA,NA,NA,NA,NA,NA
"212.212_212363",3,0,0,0,NA,NA,NA
"212.212_212365",NA,NA,NA,NA,NA,NA,NA
"212.212_212367",NA,NA,NA,NA,NA,NA,NA
"212.212_212369",NA,NA,NA,NA,NA,NA,NA
"212.212_212370",NA,NA,NA,NA,NA,NA,NA
"212.212_212371",NA,NA,NA,NA,NA,NA,NA
"212.212_212372",5,0,0,0,NA,NA,NA
"212.212_212373",NA,NA,NA,NA,NA,NA,NA
"212.212_212374",NA,NA,NA,NA,NA,NA,NA
"212.212_212378",4,0.2,0,0,NA,NA,NA
"212.212_212380",3,0.666666666666667,0,0,NA,NA,NA
"212.212_212382",NA,NA,NA,NA,NA,NA,NA
"212.212_212383",NA,NA,NA,NA,NA,NA,NA
"212.212_212385",NA,NA,NA,NA,NA,NA,NA
"212.212_212387",NA,NA,NA,NA,NA,NA,NA
"212.212_212388",NA,NA,NA,NA,NA,NA,NA
"212.212_212389",NA,NA,NA,NA,NA,NA,NA
"212.212_212391",NA,NA,NA,NA,NA,NA,NA
"212.212_212392",NA,NA,NA,NA,NA,NA,NA
"212.212_212394",NA,NA,NA,NA,NA,NA,NA
"212.212_212395",NA,NA,NA,NA,NA,NA,NA
"212.212_212397",NA,NA,NA,NA,NA,NA,NA
"212.212_212400",NA,NA,NA,NA,NA,NA,NA
"212.212_212403",NA,NA,NA,NA,NA,NA,NA
"212.212_212404",1,0.25,0,0,NA,NA,NA
"212.212_212405",NA,NA,NA,NA,NA,NA,NA
"212.212_212407",NA,NA,NA,NA,NA,NA,NA
"212.212_212408",1,0,0,0,NA,NA,NA
"212.212_212409",NA,NA,NA,NA,NA,NA,NA
"212.212_212410",NA,NA,NA,NA,NA,NA,NA
"212.212_212411",NA,NA,NA,NA,NA,NA,NA
"212.212_212412",6,0.25,0,0,NA,NA,NA
"212.212_212413",NA,NA,NA,NA,NA,NA,NA
"212.212_212422",NA,NA,NA,NA,NA,NA,NA
"212.212_212423",NA,NA,NA,NA,NA,NA,NA
"212.212_212425",NA,NA,NA,NA,NA,NA,NA
"212.212_212428",NA,NA,NA,NA,NA,NA,NA
"212.212_212429",NA,NA,NA,NA,NA,NA,NA
"212.212_212430",NA,NA,NA,NA,NA,NA,NA
"212.212_212431",NA,NA,NA,NA,NA,NA,NA
"212.212_212432",NA,NA,NA,NA,NA,NA,NA
"212.212_212433",NA,NA,NA,NA,NA,NA,NA
"212.212_212435",NA,NA,NA,NA,NA,NA,NA
"212.212_212436",NA,NA,NA,NA,NA,NA,NA
"212.212_212438",NA,NA,NA,NA,NA,NA,NA
"212.212_212439",NA,NA,NA,NA,NA,NA,NA
"212.212_212440",5,0,0,0,NA,NA,NA
"212.212_212443",NA,NA,NA,NA,NA,NA,NA
"212.212_212445",NA,NA,NA,NA,NA,NA,NA
"212.212_212446",NA,NA,NA,NA,NA,NA,NA
"212.212_212449",NA,NA,NA,NA,NA,NA,NA
"212.212_212450",6,0,0,0,NA,NA,NA
"212.212_212452",4,0,0,0,NA,NA,NA
"212.212_212455",NA,NA,NA,NA,NA,NA,NA
"212.212_212457",NA,NA,NA,NA,NA,NA,NA
"212.212_212459",NA,NA,NA,NA,NA,NA,NA
"212.212_212460",NA,NA,NA,NA,NA,NA,NA
"212.212_212462",NA,NA,NA,NA,NA,NA,NA
"212.212_212463",NA,NA,NA,NA,NA,NA,NA
"212.212_212465",NA,NA,NA,NA,NA,NA,NA
"212.212_212466",NA,NA,NA,NA,NA,NA,NA
"212.212_212467",NA,NA,NA,NA,NA,NA,NA
"212.212_212471",NA,NA,NA,NA,NA,NA,NA
"212.212_212473",NA,NA,NA,NA,NA,NA,NA
"212.212_212474",5,0.333333333333333,0,0,NA,NA,NA
"212.212_212475",NA,NA,NA,NA,NA,NA,NA
"212.212_212476",NA,NA,NA,NA,NA,NA,NA
"212.212_212478",NA,NA,NA,NA,NA,NA,NA
"212.212_212480",NA,NA,NA,NA,NA,NA,NA
"212.212_212481",NA,NA,NA,NA,NA,NA,NA
"212.212_212482",NA,NA,NA,NA,NA,NA,NA
"212.212_212483",NA,NA,NA,NA,NA,NA,NA
"212.212_212487",1,0.25,0,0,NA,NA,NA
"212.212_212488",NA,NA,NA,NA,NA,NA,NA
"212.212_212490",5,0.333333333333333,0,0.003003003003003,NA,NA,NA
"212.212_212492",NA,NA,NA,NA,NA,NA,NA
"212.212_212495",NA,NA,NA,NA,NA,NA,NA
"212.212_212497",NA,NA,NA,NA,NA,NA,NA
"212.212_212498",NA,NA,NA,NA,NA,NA,NA
"212.212_212499",NA,NA,NA,NA,NA,NA,NA
"212.212_212500",NA,NA,NA,NA,NA,NA,NA
"212.212_212502",NA,NA,NA,NA,NA,NA,NA
"212.212_212503",NA,NA,NA,NA,NA,NA,NA
"212.212_212505",NA,NA,NA,NA,NA,NA,NA
"212.212_212506",NA,NA,NA,NA,NA,NA,NA
"212.212_212508",NA,NA,NA,NA,NA,NA,NA
"212.212_212509",NA,NA,NA,NA,NA,NA,NA
"212.212_212512",NA,NA,NA,NA,NA,NA,NA
"212.212_212513",NA,NA,NA,NA,NA,NA,NA
"212.212_212514",NA,NA,NA,NA,NA,NA,NA
"212.212_212515",NA,NA,NA,NA,NA,NA,NA
"212.212_212516",NA,NA,NA,NA,NA,NA,NA
"212.212_212518",NA,NA,NA,NA,NA,NA,NA
"212.212_212519",NA,NA,NA,NA,NA,NA,NA
"212.212_212522",NA,NA,NA,NA,NA,NA,NA
"212.212_212524",NA,NA,NA,NA,NA,NA,NA
"212.212_212525",NA,NA,NA,NA,NA,NA,NA
"212.212_212528",NA,NA,NA,NA,NA,NA,NA
"212.212_212529",NA,NA,NA,NA,NA,NA,NA
"212.212_212536",6,0,0,0,NA,NA,NA
"212.212_212541",NA,NA,NA,NA,NA,NA,NA
"212.212_212542",NA,NA,NA,NA,NA,NA,NA
"212.212_212545",NA,NA,NA,NA,NA,NA,NA
"212.212_212547",NA,NA,NA,NA,NA,NA,NA
"212.212_212548",4,0.333333333333333,0,0,NA,NA,NA
"212.212_212550",1,0,0,0,NA,NA,NA
"212.212_212551",NA,NA,NA,NA,NA,NA,NA
"212.212_212552",NA,NA,NA,NA,NA,NA,NA
"212.212_212553",NA,NA,NA,NA,NA,NA,NA
"212.212_212554",5,0,0,0,NA,NA,NA
"212.212_212558",NA,NA,NA,NA,NA,NA,NA
"212.212_212559",NA,NA,NA,NA,NA,NA,NA
"212.212_212561",4,0.2,0.00380228136882129,0,NA,NA,NA
"212.212_212562",NA,NA,NA,NA,NA,NA,NA
"212.212_212564",NA,NA,NA,NA,NA,NA,NA
"212.212_212565",NA,NA,NA,NA,NA,NA,NA
"212.212_212566",NA,NA,NA,NA,NA,NA,NA
"212.212_212568",NA,NA,NA,NA,NA,NA,NA
"212.212_212569",NA,NA,NA,NA,NA,NA,NA
"212.212_212572",NA,NA,NA,NA,NA,NA,NA
"212.212_212573",NA,NA,NA,NA,NA,NA,NA
"212.212_212574",NA,NA,NA,NA,NA,NA,NA
"213.213_212022",4,0,0,0,NA,NA,NA
"213.213_213001",NA,NA,NA,NA,NA,NA,NA
"213.213_213002",NA,NA,NA,NA,NA,NA,NA
"213.213_213006",NA,NA,NA,NA,NA,NA,NA
"213.213_213007",NA,NA,NA,NA,NA,NA,NA
"213.213_213012",NA,NA,NA,NA,NA,NA,NA
"213.213_213013",NA,NA,NA,NA,NA,NA,NA
"213.213_213014",NA,NA,NA,NA,NA,NA,NA
"213.213_213018",NA,NA,NA,NA,NA,NA,NA
"213.213_213019",4,0,0,0,NA,NA,NA
"213.213_213022",5,0,0,0,NA,NA,NA
"213.213_213023",NA,NA,NA,NA,NA,NA,NA
"213.213_213024",NA,NA,NA,NA,NA,NA,NA
"213.213_213028",NA,NA,NA,NA,NA,NA,NA
"213.213_213029",NA,NA,NA,NA,NA,NA,NA
"213.213_213032",NA,NA,NA,NA,NA,NA,NA
"213.213_213035",NA,NA,NA,NA,NA,NA,NA
"213.213_213040",NA,NA,NA,NA,NA,NA,NA
"213.213_213042",NA,NA,NA,NA,NA,NA,NA
"213.213_213044",NA,NA,NA,NA,NA,NA,NA
"213.213_213045",NA,NA,NA,NA,NA,NA,NA
"213.213_213046",NA,NA,NA,NA,NA,NA,NA
"213.213_213047",NA,NA,NA,NA,NA,NA,NA
"213.213_213048",NA,NA,NA,NA,NA,NA,NA
"213.213_213049",NA,NA,NA,NA,NA,NA,NA
"213.213_213051",NA,NA,NA,NA,NA,NA,NA
"213.213_213052",NA,NA,NA,NA,NA,NA,NA
"213.213_213053",3,0,0,0,NA,NA,NA
"213.213_213054",NA,NA,NA,NA,NA,NA,NA
"213.213_213056",NA,NA,NA,NA,NA,NA,NA
"213.213_213057",NA,NA,NA,NA,NA,NA,NA
"213.213_213058",NA,NA,NA,NA,NA,NA,NA
"213.213_213062",NA,NA,NA,NA,NA,NA,NA
"213.213_213063",NA,NA,NA,NA,NA,NA,NA
"213.213_213065",NA,NA,NA,NA,NA,NA,NA
"213.213_213066",NA,NA,NA,NA,NA,NA,NA
"213.213_213067",NA,NA,NA,NA,NA,NA,NA
"213.213_213068",NA,NA,NA,NA,NA,NA,NA
"213.213_213069",NA,NA,NA,NA,NA,NA,NA
"213.213_213071",NA,NA,NA,NA,NA,NA,NA
"213.213_213073",NA,NA,NA,NA,NA,NA,NA
"213.213_213078",NA,NA,NA,NA,NA,NA,NA
"213.213_213079",NA,NA,NA,NA,NA,NA,NA
"213.213_213080",NA,NA,NA,NA,NA,NA,NA
"213.213_213081",NA,NA,NA,NA,NA,NA,NA
"213.213_213084",NA,NA,NA,NA,NA,NA,NA
"213.213_213085",NA,NA,NA,NA,NA,NA,NA
"213.213_213087",NA,NA,NA,NA,NA,NA,NA
"213.213_213089",NA,NA,NA,NA,NA,NA,NA
"213.213_213090",NA,NA,NA,NA,NA,NA,NA
"213.213_213091",NA,NA,NA,NA,NA,NA,NA
"213.213_213092",NA,NA,NA,NA,NA,NA,NA
"213.213_213093",NA,NA,NA,NA,NA,NA,NA
"213.213_213094",NA,NA,NA,NA,NA,NA,NA
"213.213_213095",NA,NA,NA,NA,NA,NA,NA
"213.213_213100",NA,NA,NA,NA,NA,NA,NA
"213.213_213102",NA,NA,NA,NA,NA,NA,NA
"213.213_213103",NA,NA,NA,NA,NA,NA,NA
"213.213_213107",NA,NA,NA,NA,NA,NA,NA
"213.213_213108",NA,NA,NA,NA,NA,NA,NA
"213.213_213111",NA,NA,NA,NA,NA,NA,NA
"213.213_213113",NA,NA,NA,NA,NA,NA,NA
"213.213_213115",NA,NA,NA,NA,NA,NA,NA
"213.213_213116",NA,NA,NA,NA,NA,NA,NA
"213.213_213117",3,0,0,0,NA,NA,NA
"213.213_213119",NA,NA,NA,NA,NA,NA,NA
"213.213_213120",NA,NA,NA,NA,NA,NA,NA
"213.213_213121",NA,NA,NA,NA,NA,NA,NA
"213.213_213123",1,0,0.0161290322580645,0,NA,NA,NA
"213.213_213127",NA,NA,NA,NA,NA,NA,NA
"213.213_213128",NA,NA,NA,NA,NA,NA,NA
"213.213_213129",NA,NA,NA,NA,NA,NA,NA
"213.213_213133",NA,NA,NA,NA,NA,NA,NA
"213.213_213138",NA,NA,NA,NA,NA,NA,NA
"213.213_213146",5,0.5,0,0.0045045045045045,NA,NA,NA
"213.213_213147",NA,NA,NA,NA,NA,NA,NA
"213.213_213148",NA,NA,NA,NA,NA,NA,NA
"213.213_213149",NA,NA,NA,NA,NA,NA,NA
"213.213_213151",NA,NA,NA,NA,NA,NA,NA
"213.213_213152",NA,NA,NA,NA,NA,NA,NA
"213.213_213155",NA,NA,NA,NA,NA,NA,NA
"213.213_213157",NA,NA,NA,NA,NA,NA,NA
"213.213_213158",NA,NA,NA,NA,NA,NA,NA
"213.213_213162",5,0,0,0,NA,NA,NA
"213.213_213163",NA,NA,NA,NA,NA,NA,NA
"213.213_213165",NA,NA,NA,NA,NA,NA,NA
"213.213_213166",NA,NA,NA,NA,NA,NA,NA
"213.213_213167",NA,NA,NA,NA,NA,NA,NA
"213.213_213168",3,0.166666666666667,0,0.0053763440860215,NA,NA,NA
"213.213_213169",NA,NA,NA,NA,NA,NA,NA
"213.213_213173",NA,NA,NA,NA,NA,NA,NA
"213.213_213174",NA,NA,NA,NA,NA,NA,NA
"213.213_213175",NA,NA,NA,NA,NA,NA,NA
"213.213_213177",NA,NA,NA,NA,NA,NA,NA
"213.213_213178",3,0.333333333333333,0.009009009009009,0,NA,NA,NA
"213.213_213180",NA,NA,NA,NA,NA,NA,NA
"213.213_213181",NA,NA,NA,NA,NA,NA,NA
"213.213_213183",NA,NA,NA,NA,NA,NA,NA
"213.213_213184",NA,NA,NA,NA,NA,NA,NA
"213.213_213189",NA,NA,NA,NA,NA,NA,NA
"213.213_213191",NA,NA,NA,NA,NA,NA,NA
"213.213_213193",NA,NA,NA,NA,NA,NA,NA
"213.213_213194",NA,NA,NA,NA,NA,NA,NA
"213.213_213197",NA,NA,NA,NA,NA,NA,NA
"213.213_213200",NA,NA,NA,NA,NA,NA,NA
"213.213_213202",NA,NA,NA,NA,NA,NA,NA
"213.213_213203",NA,NA,NA,NA,NA,NA,NA
"213.213_213204",NA,NA,NA,NA,NA,NA,NA
"213.213_213205",NA,NA,NA,NA,NA,NA,NA
"213.213_213207",NA,NA,NA,NA,NA,NA,NA
"213.213_213208",NA,NA,NA,NA,NA,NA,NA
"213.213_213209",NA,NA,NA,NA,NA,NA,NA
"213.213_213211",NA,NA,NA,NA,NA,NA,NA
"213.213_213212",NA,NA,NA,NA,NA,NA,NA
"213.213_213213",4,0,0,0,NA,NA,NA
"213.213_213214",NA,NA,NA,NA,NA,NA,NA
"213.213_213217",NA,NA,NA,NA,NA,NA,NA
"213.213_213219",NA,NA,NA,NA,NA,NA,NA
"213.213_213222",NA,NA,NA,NA,NA,NA,NA
"213.213_213223",NA,NA,NA,NA,NA,NA,NA
"213.213_213226",NA,NA,NA,NA,NA,NA,NA
"213.213_213228",NA,NA,NA,NA,NA,NA,NA
"213.213_213229",NA,NA,NA,NA,NA,NA,NA
"213.213_213231",3,0.2,0,0,NA,NA,NA
"213.213_213235",NA,NA,NA,NA,NA,NA,NA
"213.213_213238",NA,NA,NA,NA,NA,NA,NA
"213.213_213239",NA,NA,NA,NA,NA,NA,NA
"213.213_213243",NA,NA,NA,NA,NA,NA,NA
"213.213_213244",6,0,0,0,NA,NA,NA
"213.213_213248",NA,NA,NA,NA,NA,NA,NA
"213.213_213249",NA,NA,NA,NA,NA,NA,NA
"213.213_213250",NA,NA,NA,NA,NA,NA,NA
"213.213_213251",NA,NA,NA,NA,NA,NA,NA
"213.213_213252",NA,NA,NA,NA,NA,NA,NA
"213.213_213253",NA,NA,NA,NA,NA,NA,NA
"213.213_213255",NA,NA,NA,NA,NA,NA,NA
"213.213_213256",NA,NA,NA,NA,NA,NA,NA
"213.213_213257",NA,NA,NA,NA,NA,NA,NA
"213.213_213259",NA,NA,NA,NA,NA,NA,NA
"213.213_213260",NA,NA,NA,NA,NA,NA,NA
"213.213_213261",NA,NA,NA,NA,NA,NA,NA
"213.213_213262",NA,NA,NA,NA,NA,NA,NA
"213.213_213266",NA,NA,NA,NA,NA,NA,NA
"213.213_213267",5,0.333333333333333,0,0,NA,NA,NA
"213.213_213269",NA,NA,NA,NA,NA,NA,NA
"213.213_213270",NA,NA,NA,NA,NA,NA,NA
"213.213_213271",3,0,0,0,NA,NA,NA
"213.213_213273",NA,NA,NA,NA,NA,NA,NA
"213.213_213274",NA,NA,NA,NA,NA,NA,NA
"213.213_213275",NA,NA,NA,NA,NA,NA,NA
"213.213_213276",NA,NA,NA,NA,NA,NA,NA
"213.213_213277",3,0.2,0,0,NA,NA,NA
"213.213_213278",3,0.25,0,0,NA,NA,NA
"213.213_213279",NA,NA,NA,NA,NA,NA,NA
"213.213_213280",NA,NA,NA,NA,NA,NA,NA
"213.213_213282",NA,NA,NA,NA,NA,NA,NA
"213.213_213284",NA,NA,NA,NA,NA,NA,NA
"213.213_213285",NA,NA,NA,NA,NA,NA,NA
"213.213_213286",NA,NA,NA,NA,NA,NA,NA
"213.213_213287",NA,NA,NA,NA,NA,NA,NA
"213.213_213288",NA,NA,NA,NA,NA,NA,NA
"213.213_213289",4,0.25,0,0,NA,NA,NA
"213.213_213291",NA,NA,NA,NA,NA,NA,NA
"213.213_213292",NA,NA,NA,NA,NA,NA,NA
"213.213_213293",NA,NA,NA,NA,NA,NA,NA
"213.213_213295",NA,NA,NA,NA,NA,NA,NA
"213.213_213296",NA,NA,NA,NA,NA,NA,NA
"213.213_213297",NA,NA,NA,NA,NA,NA,NA
"213.213_213298",NA,NA,NA,NA,NA,NA,NA
"213.213_213302",4,0.333333333333333,0.00190114068441065,0,NA,NA,NA
"213.213_213303",5,0,0,0,NA,NA,NA
"213.213_213309",NA,NA,NA,NA,NA,NA,NA
"213.213_213311",NA,NA,NA,NA,NA,NA,NA
"213.213_213312",NA,NA,NA,NA,NA,NA,NA
"213.213_213313",NA,NA,NA,NA,NA,NA,NA
"213.213_213314",NA,NA,NA,NA,NA,NA,NA
"213.213_213315",NA,NA,NA,NA,NA,NA,NA
"213.213_213321",NA,NA,NA,NA,NA,NA,NA
"213.213_213322",5,0,0,0,NA,NA,NA
"213.213_213325",NA,NA,NA,NA,NA,NA,NA
"213.213_213326",NA,NA,NA,NA,NA,NA,NA
"213.213_213327",NA,NA,NA,NA,NA,NA,NA
"213.213_213329",NA,NA,NA,NA,NA,NA,NA
"213.213_213330",NA,NA,NA,NA,NA,NA,NA
"213.213_213331",NA,NA,NA,NA,NA,NA,NA
"213.213_213333",NA,NA,NA,NA,NA,NA,NA
"213.213_213334",NA,NA,NA,NA,NA,NA,NA
"213.213_213338",NA,NA,NA,NA,NA,NA,NA
"213.213_213339",NA,NA,NA,NA,NA,NA,NA
"213.213_213342",NA,NA,NA,NA,NA,NA,NA
"213.213_213343",NA,NA,NA,NA,NA,NA,NA
"213.213_213345",NA,NA,NA,NA,NA,NA,NA
"213.213_213346",NA,NA,NA,NA,NA,NA,NA
"213.213_213353",NA,NA,NA,NA,NA,NA,NA
"213.213_213354",NA,NA,NA,NA,NA,NA,NA
"213.213_213355",NA,NA,NA,NA,NA,NA,NA
"213.213_213356",NA,NA,NA,NA,NA,NA,NA
"213.213_213357",NA,NA,NA,NA,NA,NA,NA
"213.213_213359",NA,NA,NA,NA,NA,NA,NA
"213.213_213361",NA,NA,NA,NA,NA,NA,NA
"213.213_213363",NA,NA,NA,NA,NA,NA,NA
"213.213_213365",NA,NA,NA,NA,NA,NA,NA
"213.213_213366",NA,NA,NA,NA,NA,NA,NA
"213.213_213368",NA,NA,NA,NA,NA,NA,NA
"213.213_213369",NA,NA,NA,NA,NA,NA,NA
"213.213_213370",NA,NA,NA,NA,NA,NA,NA
"213.213_213371",NA,NA,NA,NA,NA,NA,NA
"213.213_213372",NA,NA,NA,NA,NA,NA,NA
"213.213_213373",NA,NA,NA,NA,NA,NA,NA
"213.213_213376",NA,NA,NA,NA,NA,NA,NA
"213.213_213379",4,0,0,0,NA,NA,NA
"213.213_213381",NA,NA,NA,NA,NA,NA,NA
"213.213_213383",3,0,0.009009009009009,0,NA,NA,NA
"213.213_213384",NA,NA,NA,NA,NA,NA,NA
"213.213_213385",NA,NA,NA,NA,NA,NA,NA
"213.213_213386",NA,NA,NA,NA,NA,NA,NA
"213.213_213387",NA,NA,NA,NA,NA,NA,NA
"213.213_213388",NA,NA,NA,NA,NA,NA,NA
"213.213_213389",NA,NA,NA,NA,NA,NA,NA
"213.213_213390",NA,NA,NA,NA,NA,NA,NA
"213.213_213391",NA,NA,NA,NA,NA,NA,NA
"213.213_213392",NA,NA,NA,NA,NA,NA,NA
"213.213_213395",NA,NA,NA,NA,NA,NA,NA
"213.213_213396",NA,NA,NA,NA,NA,NA,NA
"213.213_213397",NA,NA,NA,NA,NA,NA,NA
"213.213_213398",NA,NA,NA,NA,NA,NA,NA
"213.213_213401",NA,NA,NA,NA,NA,NA,NA
"213.213_213402",NA,NA,NA,NA,NA,NA,NA
"213.213_213404",NA,NA,NA,NA,NA,NA,NA
"213.213_213406",NA,NA,NA,NA,NA,NA,NA
"213.213_213407",NA,NA,NA,NA,NA,NA,NA
"213.213_213408",6,0,0,0,NA,NA,NA
"213.213_213409",NA,NA,NA,NA,NA,NA,NA
"213.213_213411",NA,NA,NA,NA,NA,NA,NA
"213.213_213412",NA,NA,NA,NA,NA,NA,NA
"213.213_213413",NA,NA,NA,NA,NA,NA,NA
"213.213_213414",NA,NA,NA,NA,NA,NA,NA
"213.213_213417",NA,NA,NA,NA,NA,NA,NA
"213.213_213418",NA,NA,NA,NA,NA,NA,NA
"213.213_213419",NA,NA,NA,NA,NA,NA,NA
"213.213_213422",5,0,0,0,NA,NA,NA
"213.213_213424",NA,NA,NA,NA,NA,NA,NA
"213.213_213425",NA,NA,NA,NA,NA,NA,NA
"213.213_213426",NA,NA,NA,NA,NA,NA,NA
"213.213_213428",NA,NA,NA,NA,NA,NA,NA
"213.213_213430",NA,NA,NA,NA,NA,NA,NA
"213.213_213431",4,0,0,0,NA,NA,NA
"213.213_213432",NA,NA,NA,NA,NA,NA,NA
"213.213_213433",NA,NA,NA,NA,NA,NA,NA
"213.213_213434",NA,NA,NA,NA,NA,NA,NA
"213.213_213435",NA,NA,NA,NA,NA,NA,NA
"213.213_213436",NA,NA,NA,NA,NA,NA,NA
"213.213_213437",NA,NA,NA,NA,NA,NA,NA
"213.213_213438",NA,NA,NA,NA,NA,NA,NA
"213.213_213439",NA,NA,NA,NA,NA,NA,NA
"213.213_213440",NA,NA,NA,NA,NA,NA,NA
"213.213_213442",NA,NA,NA,NA,NA,NA,NA
"213.213_213443",NA,NA,NA,NA,NA,NA,NA
"213.213_213444",1,0,0,0,NA,NA,NA
"213.213_213445",3,0,0.009009009009009,0,NA,NA,NA
"213.213_213447",NA,NA,NA,NA,NA,NA,NA
"213.213_213453",NA,NA,NA,NA,NA,NA,NA
"213.213_213454",NA,NA,NA,NA,NA,NA,NA
"213.213_213455",2,0.5,0.00186219739292365,0.0142857142857143,NA,NA,NA
"213.213_213456",NA,NA,NA,NA,NA,NA,NA
"213.213_213457",4,0.5,0,0.00279329608938547,NA,NA,NA
"213.213_213458",NA,NA,NA,NA,NA,NA,NA
"213.213_213459",NA,NA,NA,NA,NA,NA,NA
"213.213_213460",NA,NA,NA,NA,NA,NA,NA
"213.213_213464",NA,NA,NA,NA,NA,NA,NA
"213.213_213468",NA,NA,NA,NA,NA,NA,NA
"213.213_213472",NA,NA,NA,NA,NA,NA,NA
"213.213_213473",3,0,0,0,NA,NA,NA
"213.213_213475",NA,NA,NA,NA,NA,NA,NA
"213.213_213477",4,1,0,0,NA,NA,NA
"213.213_213480",NA,NA,NA,NA,NA,NA,NA
"213.213_213484",NA,NA,NA,NA,NA,NA,NA
"213.213_213486",NA,NA,NA,NA,NA,NA,NA
"213.213_213487",NA,NA,NA,NA,NA,NA,NA
"213.213_213489",NA,NA,NA,NA,NA,NA,NA
"213.213_213490",NA,NA,NA,NA,NA,NA,NA
"213.213_213492",NA,NA,NA,NA,NA,NA,NA
"213.213_213495",NA,NA,NA,NA,NA,NA,NA
"213.213_213496",3,0,0,0,NA,NA,NA
"213.213_213497",NA,NA,NA,NA,NA,NA,NA
"213.213_213498",NA,NA,NA,NA,NA,NA,NA
"213.213_213499",NA,NA,NA,NA,NA,NA,NA
"213.213_213505",NA,NA,NA,NA,NA,NA,NA
"213.213_213510",NA,NA,NA,NA,NA,NA,NA
"213.213_213511",NA,NA,NA,NA,NA,NA,NA
"213.213_213513",NA,NA,NA,NA,NA,NA,NA
"213.213_213514",NA,NA,NA,NA,NA,NA,NA
"213.213_213517",4,0.5,0,0.00186219739292365,NA,NA,NA
"213.213_213519",NA,NA,NA,NA,NA,NA,NA
"213.213_213520",NA,NA,NA,NA,NA,NA,NA
"213.213_213521",5,0,0,0,NA,NA,NA
"213.213_213523",NA,NA,NA,NA,NA,NA,NA
"213.213_213524",NA,NA,NA,NA,NA,NA,NA
"213.213_213525",NA,NA,NA,NA,NA,NA,NA
"213.213_213526",4,0,0,0,NA,NA,NA
"213.213_213528",NA,NA,NA,NA,NA,NA,NA
"213.213_213529",NA,NA,NA,NA,NA,NA,NA
"213.213_213530",NA,NA,NA,NA,NA,NA,NA
"213.213_213531",4,0.5,0,0.00186219739292365,NA,NA,NA
"213.213_213532",NA,NA,NA,NA,NA,NA,NA
"213.213_213535",NA,NA,NA,NA,NA,NA,NA
"213.213_213536",NA,NA,NA,NA,NA,NA,NA
"213.213_213537",NA,NA,NA,NA,NA,NA,NA
"213.213_213538",NA,NA,NA,NA,NA,NA,NA
"213.213_213540",NA,NA,NA,NA,NA,NA,NA
"213.213_213541",NA,NA,NA,NA,NA,NA,NA
"213.213_213542",NA,NA,NA,NA,NA,NA,NA
"213.213_213544",NA,NA,NA,NA,NA,NA,NA
"213.213_213546",NA,NA,NA,NA,NA,NA,NA
"213.213_213548",NA,NA,NA,NA,NA,NA,NA
"213.213_213549",NA,NA,NA,NA,NA,NA,NA
"213.213_213552",NA,NA,NA,NA,NA,NA,NA
"213.213_213553",6,0,0,0,NA,NA,NA
"213.213_213554",NA,NA,NA,NA,NA,NA,NA
"213.213_213556",4,0.5,0,0,NA,NA,NA
"213.213_213558",5,1,0,0,NA,NA,NA
"213.213_213561",NA,NA,NA,NA,NA,NA,NA
"213.213_213564",NA,NA,NA,NA,NA,NA,NA
"213.213_213565",NA,NA,NA,NA,NA,NA,NA
"213.213_213566",NA,NA,NA,NA,NA,NA,NA
"213.213_213568",NA,NA,NA,NA,NA,NA,NA
"213.213_213570",NA,NA,NA,NA,NA,NA,NA
"213.213_213572",NA,NA,NA,NA,NA,NA,NA
"213.213_213574",NA,NA,NA,NA,NA,NA,NA
"213.213_213578",NA,NA,NA,NA,NA,NA,NA
"213.213_213580",NA,NA,NA,NA,NA,NA,NA
"213.213_213581",NA,NA,NA,NA,NA,NA,NA
"213.213_213582",NA,NA,NA,NA,NA,NA,NA
"213.213_213586",NA,NA,NA,NA,NA,NA,NA
"213.213_213587",2,0,0,0,NA,NA,NA
"213.213_213589",NA,NA,NA,NA,NA,NA,NA
"213.213_213590",NA,NA,NA,NA,NA,NA,NA
"213.213_213591",NA,NA,NA,NA,NA,NA,NA
"213.213_213593",5,0,0,0,NA,NA,NA
"213.213_213594",6,0,0,0,NA,NA,NA
"213.213_213595",NA,NA,NA,NA,NA,NA,NA
"213.213_213599",NA,NA,NA,NA,NA,NA,NA
"213.213_213601",NA,NA,NA,NA,NA,NA,NA
"213.213_213606",NA,NA,NA,NA,NA,NA,NA
"213.213_213607",NA,NA,NA,NA,NA,NA,NA
"213.213_213610",NA,NA,NA,NA,NA,NA,NA
"213.213_213612",NA,NA,NA,NA,NA,NA,NA
"213.213_213613",NA,NA,NA,NA,NA,NA,NA
"213.213_213614",NA,NA,NA,NA,NA,NA,NA
"213.213_213615",NA,NA,NA,NA,NA,NA,NA
"213.213_213616",NA,NA,NA,NA,NA,NA,NA
"213.213_213617",NA,NA,NA,NA,NA,NA,NA
"213.213_213618",NA,NA,NA,NA,NA,NA,NA
"213.213_213619",4,0,0,0,NA,NA,NA
"213.213_213620",NA,NA,NA,NA,NA,NA,NA
"213.213_213622",3,0.333333333333333,0,0,NA,NA,NA
"213.213_213624",NA,NA,NA,NA,NA,NA,NA
"213.213_213627",NA,NA,NA,NA,NA,NA,NA
"213.213_213628",NA,NA,NA,NA,NA,NA,NA
"213.213_213630",NA,NA,NA,NA,NA,NA,NA
"213.213_213631",NA,NA,NA,NA,NA,NA,NA
"213.213_213632",NA,NA,NA,NA,NA,NA,NA
"213.213_213634",NA,NA,NA,NA,NA,NA,NA
"213.213_213636",NA,NA,NA,NA,NA,NA,NA
"213.213_213638",NA,NA,NA,NA,NA,NA,NA
"213.213_213640",NA,NA,NA,NA,NA,NA,NA
"213.213_213641",NA,NA,NA,NA,NA,NA,NA
"213.213_213642",NA,NA,NA,NA,NA,NA,NA
"213.213_213645",NA,NA,NA,NA,NA,NA,NA
"213.213_213646",NA,NA,NA,NA,NA,NA,NA
"213.213_213647",NA,NA,NA,NA,NA,NA,NA
"213.213_213649",NA,NA,NA,NA,NA,NA,NA
"213.213_213652",NA,NA,NA,NA,NA,NA,NA
"213.213_213653",NA,NA,NA,NA,NA,NA,NA
"213.213_213655",NA,NA,NA,NA,NA,NA,NA
"214.214_214001",NA,NA,NA,NA,NA,NA,NA
"214.214_214002",NA,NA,NA,NA,NA,NA,NA
"214.214_214004",NA,NA,NA,NA,NA,NA,NA
"214.214_214008",6,0.333333333333333,0,0.00126742712294043,NA,NA,NA
"214.214_214013",NA,NA,NA,NA,NA,NA,NA
"214.214_214016",NA,NA,NA,NA,NA,NA,NA
"214.214_214017",NA,NA,NA,NA,NA,NA,NA
"214.214_214018",NA,NA,NA,NA,NA,NA,NA
"214.214_214019",NA,NA,NA,NA,NA,NA,NA
"214.214_214021",NA,NA,NA,NA,NA,NA,NA
"214.214_214030",NA,NA,NA,NA,NA,NA,NA
"214.214_214033",NA,NA,NA,NA,NA,NA,NA
"214.214_214035",1,0,0,0,NA,NA,NA
"214.214_214036",NA,NA,NA,NA,NA,NA,NA
"214.214_214037",NA,NA,NA,NA,NA,NA,NA
"214.214_214043",NA,NA,NA,NA,NA,NA,NA
"214.214_214044",NA,NA,NA,NA,NA,NA,NA
"214.214_214046",1,0,0,0,NA,NA,NA
"214.214_214048",NA,NA,NA,NA,NA,NA,NA
"214.214_214049",3,0,0,0,NA,NA,NA
"214.214_214050",2,0,0,0,NA,NA,NA
"214.214_214052",NA,NA,NA,NA,NA,NA,NA
"214.214_214053",NA,NA,NA,NA,NA,NA,NA
"214.214_214054",NA,NA,NA,NA,NA,NA,NA
"214.214_214059",NA,NA,NA,NA,NA,NA,NA
"214.214_214060",NA,NA,NA,NA,NA,NA,NA
"214.214_214061",NA,NA,NA,NA,NA,NA,NA
"214.214_214062",3,0.166666666666667,0,0,NA,NA,NA
"214.214_214063",NA,NA,NA,NA,NA,NA,NA
"214.214_214064",NA,NA,NA,NA,NA,NA,NA
"214.214_214065",NA,NA,NA,NA,NA,NA,NA
"214.214_214066",3,0.25,0,0,NA,NA,NA
"214.214_214070",NA,NA,NA,NA,NA,NA,NA
"214.214_214071",NA,NA,NA,NA,NA,NA,NA
"214.214_214072",NA,NA,NA,NA,NA,NA,NA
"214.214_214075",NA,NA,NA,NA,NA,NA,NA
"214.214_214077",NA,NA,NA,NA,NA,NA,NA
"214.214_214078",1,0,0,0,NA,NA,NA
"214.214_214081",NA,NA,NA,NA,NA,NA,NA
"214.214_214082",NA,NA,NA,NA,NA,NA,NA
"214.214_214084",NA,NA,NA,NA,NA,NA,NA
"214.214_214085",NA,NA,NA,NA,NA,NA,NA
"214.214_214086",NA,NA,NA,NA,NA,NA,NA
"214.214_214087",NA,NA,NA,NA,NA,NA,NA
"214.214_214088",NA,NA,NA,NA,NA,NA,NA
"214.214_214089",NA,NA,NA,NA,NA,NA,NA
"214.214_214090",NA,NA,NA,NA,NA,NA,NA
"214.214_214092",NA,NA,NA,NA,NA,NA,NA
"214.214_214093",NA,NA,NA,NA,NA,NA,NA
"214.214_214096",NA,NA,NA,NA,NA,NA,NA
"214.214_214097",4,0.25,0,0.00139664804469274,NA,NA,NA
"214.214_214099",1,0,0,0,NA,NA,NA
"214.214_214101",NA,NA,NA,NA,NA,NA,NA
"214.214_214102",NA,NA,NA,NA,NA,NA,NA
"214.214_214104",3,0.5,0,0,NA,NA,NA
"214.214_214105",NA,NA,NA,NA,NA,NA,NA
"214.214_214106",NA,NA,NA,NA,NA,NA,NA
"214.214_214107",NA,NA,NA,NA,NA,NA,NA
"214.214_214109",NA,NA,NA,NA,NA,NA,NA
"214.214_214110",NA,NA,NA,NA,NA,NA,NA
"214.214_214112",NA,NA,NA,NA,NA,NA,NA
"214.214_214114",3,0,0.009009009009009,0,NA,NA,NA
"214.214_214115",NA,NA,NA,NA,NA,NA,NA
"214.214_214121",1,0.4,0,0,NA,NA,NA
"214.214_214123",6,0.5,0,0,NA,NA,NA
"214.214_214125",NA,NA,NA,NA,NA,NA,NA
"214.214_214126",NA,NA,NA,NA,NA,NA,NA
"214.214_214127",4,1,0,0,NA,NA,NA
"214.214_214128",NA,NA,NA,NA,NA,NA,NA
"214.214_214129",1,0,0,0,NA,NA,NA
"214.214_214131",NA,NA,NA,NA,NA,NA,NA
"214.214_214132",NA,NA,NA,NA,NA,NA,NA
"214.214_214135",3,0,0,0,NA,NA,NA
"214.214_214138",NA,NA,NA,NA,NA,NA,NA
"214.214_214141",1,0,0,0,NA,NA,NA
"214.214_214144",3,0,0.009009009009009,0,NA,NA,NA
"214.214_214146",NA,NA,NA,NA,NA,NA,NA
"214.214_214147",NA,NA,NA,NA,NA,NA,NA
"214.214_214154",3,0,0,0,NA,NA,NA
"214.214_214156",4,0.333333333333333,0,0.00186219739292365,NA,NA,NA
"214.214_214160",2,0,0.00558659217877094,0,NA,NA,NA
"214.214_214162",3,0,0,0,NA,NA,NA
"214.214_214165",NA,NA,NA,NA,NA,NA,NA
"214.214_214166",NA,NA,NA,NA,NA,NA,NA
"214.214_214169",NA,NA,NA,NA,NA,NA,NA
"214.214_214173",NA,NA,NA,NA,NA,NA,NA
"214.214_214175",NA,NA,NA,NA,NA,NA,NA
"214.214_214177",1,0.25,0,0,NA,NA,NA
"214.214_214181",NA,NA,NA,NA,NA,NA,NA
"214.214_214184",NA,NA,NA,NA,NA,NA,NA
"214.214_214185",NA,NA,NA,NA,NA,NA,NA
"214.214_214187",NA,NA,NA,NA,NA,NA,NA
"214.214_214188",NA,NA,NA,NA,NA,NA,NA
"214.214_214189",NA,NA,NA,NA,NA,NA,NA
"214.214_214191",NA,NA,NA,NA,NA,NA,NA
"214.214_214194",NA,NA,NA,NA,NA,NA,NA
"214.214_214195",4,0.5,0,0.00139664804469274,NA,NA,NA
"214.214_214198",NA,NA,NA,NA,NA,NA,NA
"214.214_214199",1,0,0,0,NA,NA,NA
"214.214_214201",NA,NA,NA,NA,NA,NA,NA
"214.214_214202",NA,NA,NA,NA,NA,NA,NA
"214.214_214203",NA,NA,NA,NA,NA,NA,NA
"214.214_214206",6,0.4,0,0.000760456273764258,NA,NA,NA
"214.214_214207",NA,NA,NA,NA,NA,NA,NA
"214.214_214213",NA,NA,NA,NA,NA,NA,NA
"214.214_214214",NA,NA,NA,NA,NA,NA,NA
"214.214_214216",NA,NA,NA,NA,NA,NA,NA
"214.214_214217",4,0,0,0,NA,NA,NA
"214.214_214218",5,0.666666666666667,0,0.0045045045045045,NA,NA,NA
"214.214_214219",1,0.333333333333333,0,0,NA,NA,NA
"214.214_214220",3,0.333333333333333,0,0,NA,NA,NA
"214.214_214222",NA,NA,NA,NA,NA,NA,NA
"214.214_214223",NA,NA,NA,NA,NA,NA,NA
"214.214_214224",5,0.5,0,0,NA,NA,NA
"214.214_214225",NA,NA,NA,NA,NA,NA,NA
"214.214_214226",4,1,0,0,NA,NA,NA
"214.214_214228",NA,NA,NA,NA,NA,NA,NA
"214.214_214229",NA,NA,NA,NA,NA,NA,NA
"214.214_214230",NA,NA,NA,NA,NA,NA,NA
"214.214_214231",1,0,0,0,NA,NA,NA
"214.214_214232",NA,NA,NA,NA,NA,NA,NA
"214.214_214233",NA,NA,NA,NA,NA,NA,NA
"214.214_214235",NA,NA,NA,NA,NA,NA,NA
"214.214_214236",NA,NA,NA,NA,NA,NA,NA
"214.214_214240",NA,NA,NA,NA,NA,NA,NA
"214.214_214243",3,0,0,0,NA,NA,NA
"214.214_214245",NA,NA,NA,NA,NA,NA,NA
"214.214_214247",NA,NA,NA,NA,NA,NA,NA
"214.214_214254",3,0.285714285714286,0,0,NA,NA,NA
"214.214_214255",NA,NA,NA,NA,NA,NA,NA
"214.214_214258",NA,NA,NA,NA,NA,NA,NA
"214.214_214259",NA,NA,NA,NA,NA,NA,NA
"214.214_214261",NA,NA,NA,NA,NA,NA,NA
"214.214_214262",NA,NA,NA,NA,NA,NA,NA
"214.214_214266",3,0,0,0,NA,NA,NA
"214.214_214267",NA,NA,NA,NA,NA,NA,NA
"214.214_214268",NA,NA,NA,NA,NA,NA,NA
"214.214_214269",3,0,0,0,NA,NA,NA
"214.214_214271",NA,NA,NA,NA,NA,NA,NA
"214.214_214272",3,0,0,0,NA,NA,NA
"214.214_214273",NA,NA,NA,NA,NA,NA,NA
"214.214_214274",NA,NA,NA,NA,NA,NA,NA
"214.214_214277",NA,NA,NA,NA,NA,NA,NA
"214.214_214280",NA,NA,NA,NA,NA,NA,NA
"214.214_214284",5,0,0,0,NA,NA,NA
"214.214_214285",NA,NA,NA,NA,NA,NA,NA
"214.214_214286",5,0,0,0,NA,NA,NA
"214.214_214289",NA,NA,NA,NA,NA,NA,NA
"214.214_214290",NA,NA,NA,NA,NA,NA,NA
"214.214_214291",NA,NA,NA,NA,NA,NA,NA
"214.214_214293",NA,NA,NA,NA,NA,NA,NA
"214.214_214294",1,0.333333333333333,0,0,NA,NA,NA
"214.214_214296",3,0.4,0,0.00806451612903226,NA,NA,NA
"214.214_214297",1,0,0,0,NA,NA,NA
"214.214_214299",NA,NA,NA,NA,NA,NA,NA
"214.214_214300",3,0,0,0,NA,NA,NA
"214.214_214302",NA,NA,NA,NA,NA,NA,NA
"214.214_214304",NA,NA,NA,NA,NA,NA,NA
"214.214_214307",NA,NA,NA,NA,NA,NA,NA
"214.214_214310",NA,NA,NA,NA,NA,NA,NA
"214.214_214311",NA,NA,NA,NA,NA,NA,NA
"214.214_214313",5,0.333333333333333,0.00806451612903225,0,NA,NA,NA
"214.214_214314",NA,NA,NA,NA,NA,NA,NA
"214.214_214316",NA,NA,NA,NA,NA,NA,NA
"214.214_214318",NA,NA,NA,NA,NA,NA,NA
"214.214_214319",NA,NA,NA,NA,NA,NA,NA
"214.214_214322",1,0,0,0,NA,NA,NA
"214.214_214323",NA,NA,NA,NA,NA,NA,NA
"214.214_214324",3,0,0,0,NA,NA,NA
"214.214_214326",NA,NA,NA,NA,NA,NA,NA
"214.214_214327",NA,NA,NA,NA,NA,NA,NA
"214.214_214328",NA,NA,NA,NA,NA,NA,NA
"214.214_214329",NA,NA,NA,NA,NA,NA,NA
"214.214_214334",1,0,0,0,NA,NA,NA
"214.214_214336",NA,NA,NA,NA,NA,NA,NA
"214.214_214337",3,0.142857142857143,0,0.0064516129032258,NA,NA,NA
"214.214_214338",3,0,0,0,NA,NA,NA
"214.214_214339",3,0,0,0,NA,NA,NA
"214.214_214341",NA,NA,NA,NA,NA,NA,NA
"214.214_214342",NA,NA,NA,NA,NA,NA,NA
"214.214_214343",NA,NA,NA,NA,NA,NA,NA
"214.214_214344",NA,NA,NA,NA,NA,NA,NA
"214.214_214345",NA,NA,NA,NA,NA,NA,NA
"214.214_214347",NA,NA,NA,NA,NA,NA,NA
"214.214_214349",NA,NA,NA,NA,NA,NA,NA
"214.214_214351",NA,NA,NA,NA,NA,NA,NA
"214.214_214352",NA,NA,NA,NA,NA,NA,NA
"214.214_214353",NA,NA,NA,NA,NA,NA,NA
"214.214_214354",NA,NA,NA,NA,NA,NA,NA
"214.214_214355",NA,NA,NA,NA,NA,NA,NA
"214.214_214357",1,0,0,0,NA,NA,NA
"214.214_214358",NA,NA,NA,NA,NA,NA,NA
"214.214_214359",3,0,0,0,NA,NA,NA
"214.214_214360",NA,NA,NA,NA,NA,NA,NA
"214.214_214361",NA,NA,NA,NA,NA,NA,NA
"214.214_214362",NA,NA,NA,NA,NA,NA,NA
"214.214_214363",NA,NA,NA,NA,NA,NA,NA
"214.214_214366",NA,NA,NA,NA,NA,NA,NA
"214.214_214368",NA,NA,NA,NA,NA,NA,NA
"214.214_214370",NA,NA,NA,NA,NA,NA,NA
"214.214_214371",NA,NA,NA,NA,NA,NA,NA
"214.214_214372",NA,NA,NA,NA,NA,NA,NA
"214.214_214373",NA,NA,NA,NA,NA,NA,NA
"214.214_214374",3,0,0,0,NA,NA,NA
"214.214_214375",NA,NA,NA,NA,NA,NA,NA
"214.214_214378",1,0,0,0,NA,NA,NA
"214.214_214381",1,0,0,0,NA,NA,NA
"214.214_214382",NA,NA,NA,NA,NA,NA,NA
"214.214_214383",NA,NA,NA,NA,NA,NA,NA
"214.214_214385",3,0.25,0,0,NA,NA,NA
"214.214_214387",NA,NA,NA,NA,NA,NA,NA
"214.214_214391",NA,NA,NA,NA,NA,NA,NA
"214.214_214392",NA,NA,NA,NA,NA,NA,NA
"214.214_214393",6,0,0,0,NA,NA,NA
"214.214_214397",3,0.333333333333333,0,0,NA,NA,NA
"214.214_214398",NA,NA,NA,NA,NA,NA,NA
"214.214_214399",NA,NA,NA,NA,NA,NA,NA
"214.214_214400",NA,NA,NA,NA,NA,NA,NA
"214.214_214402",NA,NA,NA,NA,NA,NA,NA
"214.214_214403",NA,NA,NA,NA,NA,NA,NA
"214.214_214407",NA,NA,NA,NA,NA,NA,NA
"214.214_214408",NA,NA,NA,NA,NA,NA,NA
"214.214_214410",NA,NA,NA,NA,NA,NA,NA
"214.214_214411",5,0,0,0,NA,NA,NA
"214.214_214412",NA,NA,NA,NA,NA,NA,NA
"214.214_214413",NA,NA,NA,NA,NA,NA,NA
"214.214_214414",3,0.2,0,0,NA,NA,NA
"214.214_214418",3,0,0,0,NA,NA,NA
"214.214_214419",NA,NA,NA,NA,NA,NA,NA
"214.214_214420",3,0.25,0,0,NA,NA,NA
"214.214_214421",NA,NA,NA,NA,NA,NA,NA
"214.214_214422",NA,NA,NA,NA,NA,NA,NA
"214.214_214423",NA,NA,NA,NA,NA,NA,NA
"214.214_214424",NA,NA,NA,NA,NA,NA,NA
"214.214_214425",NA,NA,NA,NA,NA,NA,NA
"214.214_214428",NA,NA,NA,NA,NA,NA,NA
"214.214_214429",NA,NA,NA,NA,NA,NA,NA
"214.214_214432",NA,NA,NA,NA,NA,NA,NA
"214.214_214433",NA,NA,NA,NA,NA,NA,NA
"214.214_214434",1,0,0,0,NA,NA,NA
"214.214_214436",3,0,0.009009009009009,0,NA,NA,NA
"214.214_214437",NA,NA,NA,NA,NA,NA,NA
"214.214_214438",3,0.666666666666667,0,0,NA,NA,NA
"214.214_214442",3,0.333333333333333,0,0,NA,NA,NA
"214.214_214444",2,0,0,0,NA,NA,NA
"214.214_214446",NA,NA,NA,NA,NA,NA,NA
"214.214_214447",NA,NA,NA,NA,NA,NA,NA
"214.214_214448",1,0,0,0,NA,NA,NA
"214.214_214449",1,0.2,0,0,NA,NA,NA
"214.214_214450",NA,NA,NA,NA,NA,NA,NA
"214.214_214451",5,0.6,0.00806451612903225,0.00225225225225225,NA,NA,NA
"214.214_214456",NA,NA,NA,NA,NA,NA,NA
"214.214_214458",NA,NA,NA,NA,NA,NA,NA
"214.214_214459",NA,NA,NA,NA,NA,NA,NA
"214.214_214460",NA,NA,NA,NA,NA,NA,NA
"214.214_214462",NA,NA,NA,NA,NA,NA,NA
"214.214_214463",NA,NA,NA,NA,NA,NA,NA
"214.214_214467",NA,NA,NA,NA,NA,NA,NA
"214.214_214468",1,0,0,0,NA,NA,NA
"214.214_214470",NA,NA,NA,NA,NA,NA,NA
"214.214_214471",5,0,0,0,NA,NA,NA
"214.214_214472",NA,NA,NA,NA,NA,NA,NA
"214.214_214474",NA,NA,NA,NA,NA,NA,NA
"214.214_214475",NA,NA,NA,NA,NA,NA,NA
"214.214_214478",NA,NA,NA,NA,NA,NA,NA
"214.214_214480",5,0.5,0,0,NA,NA,NA
"214.214_214481",NA,NA,NA,NA,NA,NA,NA
"214.214_214482",NA,NA,NA,NA,NA,NA,NA
"214.214_214483",NA,NA,NA,NA,NA,NA,NA
"214.214_214485",NA,NA,NA,NA,NA,NA,NA
"214.214_214486",NA,NA,NA,NA,NA,NA,NA
"214.214_214487",6,0,0,0,NA,NA,NA
"214.214_214490",NA,NA,NA,NA,NA,NA,NA
"214.214_214492",NA,NA,NA,NA,NA,NA,NA
"214.214_214493",NA,NA,NA,NA,NA,NA,NA
"214.214_214494",NA,NA,NA,NA,NA,NA,NA
"214.214_214496",NA,NA,NA,NA,NA,NA,NA
"214.214_214499",1,0,0,0,NA,NA,NA
"214.214_214501",NA,NA,NA,NA,NA,NA,NA
"214.214_214502",NA,NA,NA,NA,NA,NA,NA
"214.214_214503",4,0.333333333333333,0,0,NA,NA,NA
"214.214_214504",NA,NA,NA,NA,NA,NA,NA
"214.214_214505",NA,NA,NA,NA,NA,NA,NA
"214.214_214508",NA,NA,NA,NA,NA,NA,NA
"214.214_214509",3,0.6,0,0,NA,NA,NA
"214.214_214510",NA,NA,NA,NA,NA,NA,NA
"214.214_214513",NA,NA,NA,NA,NA,NA,NA
"214.214_214521",NA,NA,NA,NA,NA,NA,NA
"214.214_214523",NA,NA,NA,NA,NA,NA,NA
"214.214_214524",3,0,0,0,NA,NA,NA
"214.214_214526",NA,NA,NA,NA,NA,NA,NA
"214.214_214527",NA,NA,NA,NA,NA,NA,NA
"214.214_214529",3,0,0,0,NA,NA,NA
"214.214_214531",NA,NA,NA,NA,NA,NA,NA
"214.214_214532",4,0,0,0,NA,NA,NA
"214.214_214533",6,0.2,0,0,NA,NA,NA
"214.214_214534",NA,NA,NA,NA,NA,NA,NA
"214.214_214537",4,0,0,0,NA,NA,NA
"214.214_214540",5,0,0,0,NA,NA,NA
"214.214_214541",3,0,0,0,NA,NA,NA
"214.214_214542",2,0.166666666666667,0.00186219739292365,0,NA,NA,NA
"214.214_214543",NA,NA,NA,NA,NA,NA,NA
"214.214_214544",1,0,0,0,NA,NA,NA
"214.214_214546",NA,NA,NA,NA,NA,NA,NA
"214.214_214548",2,0,0,0,NA,NA,NA
"214.214_214551",NA,NA,NA,NA,NA,NA,NA
"214.214_214552",NA,NA,NA,NA,NA,NA,NA
"214.214_214558",3,0.4,0,0,NA,NA,NA
"214.214_214559",NA,NA,NA,NA,NA,NA,NA
"214.214_214560",4,0.25,0,0,NA,NA,NA
"214.214_214561",2,0,0,0,NA,NA,NA
"214.214_214562",NA,NA,NA,NA,NA,NA,NA
"214.214_214564",4,0,0.00380228136882129,0,NA,NA,NA
"214.214_214565",NA,NA,NA,NA,NA,NA,NA
"214.214_214566",NA,NA,NA,NA,NA,NA,NA
"214.214_214569",NA,NA,NA,NA,NA,NA,NA
"214.214_214570",NA,NA,NA,NA,NA,NA,NA
"214.214_214571",NA,NA,NA,NA,NA,NA,NA
"214.214_214572",NA,NA,NA,NA,NA,NA,NA
"214.214_214573",NA,NA,NA,NA,NA,NA,NA
"214.214_214574",4,0,0,0,NA,NA,NA
"214.214_214578",NA,NA,NA,NA,NA,NA,NA
"214.214_214581",NA,NA,NA,NA,NA,NA,NA
"214.214_214582",1,0,0,0,NA,NA,NA
"214.214_214584",NA,NA,NA,NA,NA,NA,NA
"214.214_214586",3,0,0,0,NA,NA,NA
"214.214_214587",NA,NA,NA,NA,NA,NA,NA
"214.214_214589",NA,NA,NA,NA,NA,NA,NA
"214.214_214590",NA,NA,NA,NA,NA,NA,NA
"214.214_214591",NA,NA,NA,NA,NA,NA,NA
